taxpayer_id,pacra_verification_date,business_registered_pacra,directors_match,share_capital,company_status,years_in_operation,registered_address_match
TPIN1000000000,2025-01-09,Yes,Yes,103221,Active,7,Yes
TPIN1000000001,2025-05-12,No,Yes,200415,Active,4,No
TPIN1000000002,2024-12-14,No,Yes,86233,Active,3,No
TPIN1000000003,2024-10-28,Yes,No,771101,Active,6,No
TPIN1000000004,2025-09-17,No,Yes,102281,Active,5,Yes
TPIN1000000005,2024-10-16,Yes,Yes,679260,Active,6,Yes
TPIN1000000006,2025-01-18,Yes,Yes,14222,Dormant,3,Yes
TPIN1000000007,2025-01-03,Yes,No,842173,Dormant,10,No
TPIN1000000008,2025-02-18,Yes,Yes,524643,Active,3,Yes
TPIN1000000009,2024-12-31,Yes,No,738798,Active,10,No
TPIN1000000010,2025-07-24,Yes,Yes,212611,Active,6,Yes
TPIN1000000011,2025-02-28,Yes,No,624253,Active,8,No
TPIN1000000012,2025-05-16,No,Yes,115492,Active,1,Yes
TPIN1000000013,2024-12-21,No,No,222074,Active,5,Yes
TPIN1000000014,2025-02-24,Yes,Yes,304828,Dormant,10,Yes
TPIN1000000015,2024-12-28,Yes,No,274579,Active,4,Yes
TPIN1000000016,2024-11-05,No,Yes,612145,Dormant,8,No
TPIN1000000017,2025-09-23,Yes,No,1001346,Active,10,No
TPIN1000000018,2024-10-31,Yes,Yes,197491,Active,7,Yes
TPIN1000000019,2025-05-25,No,No,321860,Active,5,Yes
TPIN1000000020,2025-02-13,No,Yes,880008,Active,5,Yes
TPIN1000000021,2025-03-06,No,Yes,582241,Active,5,No
TPIN1000000022,2025-01-11,Yes,Yes,904396,Active,8,Yes
TPIN1000000023,2025-07-31,Yes,No,579498,Active,5,No
TPIN1000000024,2025-08-18,Yes,No,948142,Active,6,No
TPIN1000000025,2025-05-23,No,Yes,520509,Active,8,No
TPIN1000000026,2024-12-20,No,Yes,475694,Active,5,Yes
TPIN1000000027,2025-07-01,Yes,Yes,653520,Active,7,No
TPIN1000000028,2025-09-12,No,No,990858,Dormant,4,No
TPIN1000000029,2024-11-03,No,Yes,241277,Active,4,Yes
TPIN1000000030,2025-01-27,No,Yes,848943,Dormant,4,No
TPIN1000000031,2025-03-22,Yes,No,673707,Dormant,9,Yes
TPIN1000000032,2025-05-05,Yes,Yes,533775,Active,8,No
TPIN1000000033,2024-12-17,No,Yes,583036,Active,2,No
TPIN1000000034,2024-11-24,Yes,Yes,738489,Dormant,1,No
TPIN1000000035,2025-04-09,Yes,No,704755,Active,4,No
TPIN1000000036,2025-05-25,Yes,No,554393,Active,6,No
TPIN1000000037,2025-03-01,Yes,Yes,439342,Active,8,Yes
TPIN1000000038,2025-09-07,Yes,Yes,563423,Dormant,3,Yes
TPIN1000000039,2025-09-24,Yes,No,773552,Active,4,No
TPIN1000000040,2025-08-14,Yes,No,634797,Active,2,No
TPIN1000000041,2025-08-26,No,Yes,617730,Dormant,6,No
TPIN1000000042,2025-04-13,Yes,Yes,250141,Active,9,Yes
TPIN1000000043,2025-03-12,Yes,No,595372,Active,10,Yes
TPIN1000000044,2025-01-19,Yes,No,518112,Active,10,Yes
TPIN1000000045,2025-07-09,Yes,No,385008,Dormant,7,No
TPIN1000000046,2025-03-20,Yes,No,565492,Active,10,Yes
TPIN1000000047,2024-11-25,No,No,949802,Dormant,5,Yes
TPIN1000000048,2025-03-20,Yes,Yes,772739,Active,7,No
TPIN1000000049,2024-11-08,Yes,Yes,477588,Active,4,Yes
TPIN1000000050,2024-10-24,Yes,Yes,203634,Dormant,8,Yes
TPIN1000000051,2025-01-22,Yes,Yes,555981,Dormant,3,No
TPIN1000000052,2025-09-17,No,Yes,371822,Active,10,No
TPIN1000000053,2025-02-08,Yes,Yes,194765,Active,8,No
TPIN1000000054,2025-08-31,No,No,52859,Dormant,2,No
TPIN1000000055,2025-08-09,Yes,No,259216,Active,9,Yes
TPIN1000000056,2025-08-09,Yes,No,38589,Active,3,No
TPIN1000000057,2024-11-07,Yes,No,871940,Dormant,7,Yes
TPIN1000000058,2025-07-03,Yes,Yes,123541,Active,7,Yes
TPIN1000000059,2025-03-07,Yes,Yes,945845,Active,6,No
TPIN1000000060,2025-06-28,Yes,No,476223,Active,5,Yes
TPIN1000000061,2025-03-13,No,No,539824,Active,8,Yes
TPIN1000000062,2024-12-28,Yes,Yes,188713,Active,4,No
TPIN1000000063,2025-07-26,No,Yes,739427,Dormant,6,No
TPIN1000000064,2024-10-30,Yes,No,135755,Dormant,7,No
TPIN1000000065,2024-10-08,Yes,No,531036,Dormant,8,Yes
TPIN1000000066,2025-07-14,No,Yes,853020,Active,4,No
TPIN1000000067,2025-08-10,Yes,No,211836,Active,8,Yes
TPIN1000000068,2025-06-04,No,No,522325,Active,2,No
TPIN1000000069,2024-11-11,Yes,Yes,765989,Active,7,No
TPIN1000000070,2024-12-13,Yes,No,381608,Active,5,Yes
TPIN1000000071,2024-11-24,Yes,No,491645,Active,2,Yes
TPIN1000000072,2025-04-09,Yes,Yes,713072,Active,3,No
TPIN1000000073,2025-06-09,Yes,No,527153,Dormant,2,Yes
TPIN1000000074,2024-10-26,No,No,269607,Active,2,No
TPIN1000000075,2025-03-28,No,Yes,987218,Active,9,Yes
TPIN1000000076,2025-08-21,No,No,96061,Dormant,6,Yes
TPIN1000000077,2025-05-20,No,No,66466,Active,8,No
TPIN1000000078,2024-12-04,Yes,No,323940,Dormant,6,Yes
TPIN1000000079,2025-07-25,Yes,Yes,423252,Active,8,Yes
TPIN1000000080,2025-07-20,No,Yes,854873,Active,6,Yes
TPIN1000000081,2024-10-27,Yes,No,943610,Dormant,10,No
TPIN1000000082,2025-01-15,No,No,390229,Active,5,Yes
TPIN1000000083,2025-08-03,Yes,No,163035,Dormant,6,Yes
TPIN1000000084,2025-02-20,Yes,Yes,360104,Active,7,Yes
TPIN1000000085,2024-10-22,Yes,Yes,224061,Dormant,6,No
TPIN1000000086,2025-06-08,Yes,Yes,444740,Active,8,Yes
TPIN1000000087,2025-03-01,Yes,Yes,791381,Active,7,Yes
TPIN1000000088,2025-06-07,Yes,No,306652,Active,4,Yes
TPIN1000000089,2025-02-24,Yes,Yes,119840,Active,4,No
TPIN1000000090,2025-06-05,No,Yes,53057,Active,3,No
TPIN1000000091,2025-01-24,No,No,844705,Active,8,No
TPIN1000000092,2024-11-02,No,No,898605,Dormant,7,No
TPIN1000000093,2024-12-13,Yes,Yes,366944,Active,8,Yes
TPIN1000000094,2024-12-23,No,Yes,599311,Dormant,2,No
TPIN1000000095,2025-01-18,Yes,Yes,994110,Dormant,6,No
TPIN1000000096,2025-04-09,Yes,Yes,864864,Active,9,No
TPIN1000000097,2025-07-14,Yes,Yes,540934,Dormant,9,No
TPIN1000000098,2024-10-26,Yes,Yes,133452,Active,3,No
TPIN1000000099,2025-06-13,No,No,614509,Dormant,10,No
TPIN1000000100,2025-03-10,No,Yes,761133,Active,6,Yes
TPIN1000000101,2025-08-28,Yes,No,1005058,Active,4,No
TPIN1000000102,2025-08-10,No,No,114533,Active,5,Yes
TPIN1000000103,2025-07-30,No,No,380718,Active,8,No
TPIN1000000104,2025-01-22,Yes,No,731607,Active,7,No
TPIN1000000105,2025-03-04,Yes,Yes,788097,Active,4,No
TPIN1000000106,2024-10-14,Yes,No,452164,Active,5,Yes
TPIN1000000107,2025-09-09,No,No,379494,Dormant,8,No
TPIN1000000108,2024-12-05,Yes,Yes,434415,Active,10,No
TPIN1000000109,2024-12-06,Yes,Yes,224251,Dormant,10,No
TPIN1000000110,2025-02-16,Yes,No,388076,Dormant,9,Yes
TPIN1000000111,2025-04-21,No,Yes,208239,Active,4,No
TPIN1000000112,2025-08-16,Yes,No,149593,Active,3,Yes
TPIN1000000113,2025-02-21,No,Yes,685944,Active,5,No
TPIN1000000114,2025-01-01,Yes,Yes,402101,Active,8,Yes
TPIN1000000115,2024-12-04,Yes,Yes,456200,Active,5,Yes
TPIN1000000116,2025-08-19,Yes,No,384219,Active,3,No
TPIN1000000117,2025-03-26,Yes,Yes,254893,Active,7,No
TPIN1000000118,2025-07-31,Yes,Yes,72149,Active,7,Yes
TPIN1000000119,2025-03-19,Yes,No,530811,Active,7,No
TPIN1000000120,2025-07-13,Yes,Yes,79428,Active,8,Yes
TPIN1000000121,2025-02-11,Yes,Yes,129165,Dormant,2,No
TPIN1000000122,2025-03-17,Yes,No,853963,Active,9,Yes
TPIN1000000123,2024-12-30,Yes,No,99222,Active,5,No
TPIN1000000124,2025-03-01,Yes,No,784304,Active,8,Yes
TPIN1000000125,2024-10-25,Yes,No,695259,Dormant,4,No
TPIN1000000126,2024-12-10,Yes,Yes,320042,Active,10,Yes
TPIN1000000127,2025-07-29,Yes,Yes,247669,Dormant,8,Yes
TPIN1000000128,2025-07-20,Yes,Yes,281126,Active,9,Yes
TPIN1000000129,2025-03-11,Yes,No,787153,Active,5,Yes
TPIN1000000130,2024-11-26,No,Yes,802007,Dormant,6,Yes
TPIN1000000131,2025-01-27,No,No,1002534,Dormant,8,No
TPIN1000000132,2025-05-01,Yes,Yes,65491,Active,3,No
TPIN1000000133,2025-05-04,Yes,Yes,71246,Active,3,Yes
TPIN1000000134,2024-11-06,Yes,Yes,964924,Dormant,2,No
TPIN1000000135,2025-05-13,Yes,Yes,956140,Active,9,No
TPIN1000000136,2024-12-19,No,Yes,693445,Active,5,Yes
TPIN1000000137,2025-07-06,Yes,Yes,437178,Active,5,Yes
TPIN1000000138,2024-12-17,Yes,Yes,916266,Active,4,No
TPIN1000000139,2024-10-31,Yes,Yes,224280,Active,9,No
TPIN1000000140,2024-12-29,Yes,Yes,593700,Active,3,No
TPIN1000000141,2025-01-26,Yes,Yes,527342,Dormant,10,Yes
TPIN1000000142,2025-09-29,Yes,Yes,580419,Active,6,No
TPIN1000000143,2025-02-24,Yes,Yes,783299,Active,4,Yes
TPIN1000000144,2025-08-09,No,No,967170,Active,3,No
TPIN1000000145,2025-08-17,Yes,No,630357,Active,9,No
TPIN1000000146,2025-03-03,Yes,No,596516,Active,4,Yes
TPIN1000000147,2025-06-24,Yes,Yes,487591,Active,3,No
TPIN1000000148,2025-09-24,No,Yes,655338,Active,6,No
TPIN1000000149,2025-03-06,Yes,Yes,180770,Active,5,Yes
TPIN1000000150,2025-03-24,Yes,Yes,176951,Active,9,Yes
TPIN1000000151,2024-12-25,Yes,Yes,513103,Active,2,Yes
TPIN1000000152,2024-10-25,Yes,Yes,587040,Active,6,Yes
TPIN1000000153,2025-06-23,Yes,Yes,835368,Active,5,Yes
TPIN1000000154,2025-06-14,Yes,Yes,209579,Active,9,Yes
TPIN1000000155,2024-10-13,Yes,Yes,111290,Active,10,Yes
TPIN1000000156,2025-08-17,Yes,Yes,111702,Active,4,Yes
TPIN1000000157,2025-05-04,Yes,Yes,202098,Active,9,Yes
TPIN1000000158,2025-04-19,Yes,Yes,909772,Active,5,Yes
TPIN1000000159,2025-07-11,Yes,Yes,160567,Active,5,Yes
TPIN1000000160,2025-04-07,Yes,Yes,582946,Active,3,Yes
TPIN1000000161,2025-08-02,Yes,Yes,124573,Active,9,Yes
TPIN1000000162,2025-06-06,Yes,Yes,549480,Active,5,Yes
TPIN1000000163,2025-05-07,Yes,Yes,588568,Active,7,Yes
TPIN1000000164,2025-01-29,Yes,Yes,192478,Active,6,Yes
TPIN1000000165,2025-01-21,Yes,Yes,861575,Active,9,Yes
TPIN1000000166,2025-09-22,Yes,Yes,574873,Active,7,Yes
TPIN1000000167,2025-02-28,Yes,Yes,686372,Active,9,Yes
TPIN1000000168,2024-11-21,Yes,Yes,428262,Active,4,Yes
TPIN1000000169,2025-08-05,Yes,Yes,841129,Active,4,Yes
TPIN1000000170,2025-07-02,Yes,Yes,199478,Active,6,Yes
TPIN1000000171,2025-03-19,Yes,Yes,292084,Active,6,Yes
TPIN1000000172,2025-09-04,Yes,Yes,444919,Active,4,Yes
TPIN1000000173,2025-03-17,Yes,Yes,436320,Active,9,Yes
TPIN1000000174,2025-01-07,Yes,Yes,624851,Active,10,Yes
TPIN1000000175,2025-04-05,Yes,Yes,837042,Active,2,Yes
TPIN1000000176,2025-08-21,Yes,Yes,708685,Active,3,Yes
TPIN1000000177,2025-02-28,Yes,Yes,583324,Active,2,Yes
TPIN1000000178,2025-08-06,Yes,Yes,821354,Active,10,Yes
TPIN1000000179,2025-03-25,Yes,Yes,440383,Active,3,Yes
TPIN1000000180,2025-07-12,Yes,Yes,669026,Active,1,Yes
TPIN1000000181,2025-06-12,Yes,Yes,65283,Active,2,Yes
TPIN1000000182,2025-07-31,Yes,Yes,971617,Active,10,Yes
TPIN1000000183,2025-08-27,Yes,Yes,898517,Active,10,Yes
TPIN1000000184,2025-09-07,Yes,Yes,1001787,Active,6,Yes
TPIN1000000185,2024-12-09,Yes,Yes,175885,Active,7,Yes
TPIN1000000186,2025-01-28,Yes,Yes,986446,Active,3,Yes
TPIN1000000187,2025-04-24,Yes,Yes,741858,Active,10,Yes
TPIN1000000188,2025-06-23,Yes,Yes,641559,Active,6,Yes
TPIN1000000189,2025-02-03,Yes,Yes,257908,Active,2,Yes
TPIN1000000190,2025-03-30,Yes,Yes,849744,Active,7,Yes
TPIN1000000191,2025-06-24,Yes,Yes,174357,Active,5,Yes
TPIN1000000192,2025-04-25,Yes,Yes,1008007,Active,6,Yes
TPIN1000000193,2025-05-19,Yes,Yes,849899,Active,7,Yes
TPIN1000000194,2024-12-13,Yes,Yes,882091,Active,8,Yes
TPIN1000000195,2025-09-02,Yes,Yes,477814,Active,6,Yes
TPIN1000000196,2025-07-30,Yes,Yes,242866,Active,5,Yes
TPIN1000000197,2025-01-15,Yes,Yes,211604,Active,2,Yes
TPIN1000000198,2025-07-30,Yes,Yes,201339,Active,10,Yes
TPIN1000000199,2025-02-01,Yes,Yes,477689,Active,4,Yes
TPIN1000000200,2025-02-08,Yes,Yes,257640,Active,7,Yes
TPIN1000000201,2024-12-30,Yes,Yes,971372,Active,4,Yes
TPIN1000000202,2025-03-09,Yes,Yes,156432,Active,9,Yes
TPIN1000000203,2025-01-06,Yes,Yes,454185,Active,7,Yes
TPIN1000000204,2024-11-04,Yes,Yes,124428,Active,8,Yes
TPIN1000000205,2024-11-28,Yes,Yes,398354,Active,6,Yes
TPIN1000000206,2025-01-23,Yes,Yes,381990,Active,4,Yes
TPIN1000000207,2025-05-12,Yes,Yes,149880,Active,5,Yes
TPIN1000000208,2025-09-27,Yes,Yes,589244,Active,5,Yes
TPIN1000000209,2025-01-14,Yes,Yes,84642,Active,5,Yes
TPIN1000000210,2025-07-04,Yes,Yes,945378,Active,5,Yes
TPIN1000000211,2025-08-10,Yes,Yes,996588,Active,7,Yes
TPIN1000000212,2025-04-08,Yes,Yes,372560,Active,8,Yes
TPIN1000000213,2025-05-06,Yes,Yes,943554,Active,9,Yes
TPIN1000000214,2025-07-23,Yes,Yes,752026,Active,9,Yes
TPIN1000000215,2025-07-19,Yes,Yes,43982,Active,9,Yes
TPIN1000000216,2024-11-18,Yes,Yes,532024,Active,5,Yes
TPIN1000000217,2025-09-17,Yes,Yes,925617,Active,3,Yes
TPIN1000000218,2025-06-05,Yes,Yes,190046,Active,2,Yes
TPIN1000000219,2025-03-07,Yes,Yes,427611,Active,6,Yes
TPIN1000000220,2025-04-11,Yes,Yes,159316,Active,8,Yes
TPIN1000000221,2025-06-08,Yes,Yes,817216,Active,10,Yes
TPIN1000000222,2025-01-27,Yes,Yes,795522,Active,9,Yes
TPIN1000000223,2025-02-12,Yes,Yes,285113,Active,7,Yes
TPIN1000000224,2025-04-27,Yes,Yes,159173,Active,4,Yes
TPIN1000000225,2024-11-16,Yes,Yes,309869,Active,4,Yes
TPIN1000000226,2024-10-11,Yes,Yes,231758,Active,7,Yes
TPIN1000000227,2024-11-18,Yes,Yes,599063,Active,8,Yes
TPIN1000000228,2024-11-01,Yes,Yes,298238,Active,4,Yes
TPIN1000000229,2025-02-16,Yes,Yes,489996,Active,10,Yes
TPIN1000000230,2025-08-31,Yes,Yes,647860,Active,9,Yes
TPIN1000000231,2025-04-16,Yes,Yes,624492,Active,9,Yes
TPIN1000000232,2025-06-27,Yes,Yes,110507,Active,10,Yes
TPIN1000000233,2025-05-01,Yes,Yes,32371,Active,9,Yes
TPIN1000000234,2025-05-02,Yes,Yes,968232,Active,7,Yes
TPIN1000000235,2025-02-08,Yes,Yes,114867,Active,7,Yes
TPIN1000000236,2025-06-01,Yes,Yes,372914,Active,4,Yes
TPIN1000000237,2025-01-02,Yes,Yes,119381,Active,2,Yes
TPIN1000000238,2025-07-24,Yes,Yes,918740,Active,10,Yes
TPIN1000000239,2025-08-27,Yes,Yes,348809,Active,6,Yes
TPIN1000000240,2024-10-22,Yes,Yes,824165,Active,3,Yes
TPIN1000000241,2025-04-01,Yes,Yes,385475,Active,7,Yes
TPIN1000000242,2024-10-22,Yes,Yes,60090,Active,2,Yes
TPIN1000000243,2025-05-02,Yes,Yes,111513,Active,8,Yes
TPIN1000000244,2024-11-26,Yes,Yes,435862,Active,7,Yes
TPIN1000000245,2025-09-04,Yes,Yes,470965,Active,3,Yes
TPIN1000000246,2024-11-25,Yes,Yes,55293,Active,4,Yes
TPIN1000000247,2025-08-29,Yes,Yes,118846,Active,5,Yes
TPIN1000000248,2025-08-09,Yes,Yes,255249,Active,6,Yes
TPIN1000000249,2024-10-31,Yes,Yes,144133,Active,3,Yes
TPIN1000000250,2024-12-31,Yes,Yes,272737,Active,3,Yes
TPIN1000000251,2025-04-05,Yes,Yes,402695,Active,6,Yes
TPIN1000000252,2025-01-26,Yes,Yes,107272,Active,9,Yes
TPIN1000000253,2025-06-05,Yes,Yes,208730,Active,3,Yes
TPIN1000000254,2025-03-30,Yes,Yes,352797,Active,3,Yes
TPIN1000000255,2024-12-29,Yes,Yes,626275,Active,3,Yes
TPIN1000000256,2025-09-26,Yes,Yes,89461,Active,8,Yes
TPIN1000000257,2025-06-12,Yes,Yes,78546,Active,2,Yes
TPIN1000000258,2025-02-17,Yes,Yes,935347,Active,5,Yes
TPIN1000000259,2025-06-01,Yes,Yes,736521,Active,3,Yes
TPIN1000000260,2025-05-11,Yes,Yes,170522,Active,3,Yes
TPIN1000000261,2025-01-02,Yes,Yes,951801,Active,4,Yes
TPIN1000000262,2025-08-29,Yes,Yes,109142,Active,7,Yes
TPIN1000000263,2025-03-18,Yes,Yes,721622,Active,5,Yes
TPIN1000000264,2025-01-15,Yes,Yes,94687,Active,8,Yes
TPIN1000000265,2025-06-15,Yes,Yes,361759,Active,7,Yes
TPIN1000000266,2024-11-21,Yes,Yes,762129,Active,6,Yes
TPIN1000000267,2025-08-26,Yes,Yes,435979,Active,8,Yes
TPIN1000000268,2024-10-11,Yes,Yes,810840,Active,6,Yes
TPIN1000000269,2025-01-13,Yes,Yes,259644,Active,3,Yes
TPIN1000000270,2025-07-11,Yes,Yes,862421,Active,10,Yes
TPIN1000000271,2024-10-31,Yes,Yes,392778,Active,2,Yes
TPIN1000000272,2025-06-28,Yes,Yes,234336,Active,6,Yes
TPIN1000000273,2025-04-10,Yes,Yes,918753,Active,5,Yes
TPIN1000000274,2025-10-03,Yes,Yes,87072,Active,10,Yes
TPIN1000000275,2025-09-11,Yes,Yes,619751,Active,1,Yes
TPIN1000000276,2025-06-17,Yes,Yes,134133,Active,1,Yes
TPIN1000000277,2025-05-11,Yes,Yes,56995,Active,2,Yes
TPIN1000000278,2025-09-27,Yes,Yes,807072,Active,5,Yes
TPIN1000000279,2024-12-23,Yes,Yes,330748,Active,9,Yes
TPIN1000000280,2025-04-16,Yes,Yes,928055,Active,3,Yes
TPIN1000000281,2025-08-21,Yes,Yes,240724,Active,7,Yes
TPIN1000000282,2025-09-23,Yes,Yes,107003,Active,9,Yes
TPIN1000000283,2025-06-03,Yes,Yes,87717,Active,3,Yes
TPIN1000000284,2025-05-13,Yes,Yes,293381,Active,6,Yes
TPIN1000000285,2025-06-29,Yes,Yes,901611,Active,7,Yes
TPIN1000000286,2024-12-21,Yes,Yes,219872,Active,9,Yes
TPIN1000000287,2025-07-21,Yes,Yes,853618,Active,4,Yes
TPIN1000000288,2025-07-21,Yes,Yes,880454,Active,8,Yes
TPIN1000000289,2025-07-04,Yes,Yes,247361,Active,3,Yes
TPIN1000000290,2025-05-11,Yes,Yes,301540,Active,3,Yes
TPIN1000000291,2025-07-13,Yes,Yes,719093,Active,1,Yes
TPIN1000000292,2025-09-11,Yes,Yes,971209,Active,5,Yes
TPIN1000000293,2025-06-30,Yes,Yes,665539,Active,2,Yes
TPIN1000000294,2024-10-09,Yes,Yes,309153,Active,7,Yes
TPIN1000000295,2025-04-24,Yes,Yes,457758,Active,5,Yes
TPIN1000000296,2025-09-30,Yes,Yes,395128,Active,10,Yes
TPIN1000000297,2025-09-15,Yes,Yes,268063,Active,4,Yes
TPIN1000000298,2024-11-16,Yes,Yes,265655,Active,2,Yes
TPIN1000000299,2024-10-18,Yes,Yes,887905,Active,8,Yes
TPIN1000000300,2024-10-29,Yes,Yes,74583,Active,9,Yes
TPIN1000000301,2025-03-09,Yes,Yes,510063,Active,8,Yes
TPIN1000000302,2025-08-09,Yes,Yes,359925,Active,6,Yes
TPIN1000000303,2025-01-07,Yes,Yes,826988,Active,7,Yes
TPIN1000000304,2024-12-30,Yes,Yes,844536,Active,2,Yes
TPIN1000000305,2025-09-14,Yes,Yes,948947,Active,6,Yes
TPIN1000000306,2025-05-08,Yes,Yes,638130,Active,7,Yes
TPIN1000000307,2025-07-19,Yes,Yes,486545,Active,3,Yes
TPIN1000000308,2024-11-04,Yes,Yes,365773,Active,8,Yes
TPIN1000000309,2025-03-06,Yes,Yes,809345,Active,3,Yes
TPIN1000000310,2025-05-06,Yes,Yes,781753,Active,4,Yes
TPIN1000000311,2024-12-23,Yes,Yes,304796,Active,10,Yes
TPIN1000000312,2024-12-10,Yes,Yes,130708,Active,5,Yes
TPIN1000000313,2025-09-11,Yes,Yes,387642,Active,4,Yes
TPIN1000000314,2025-04-19,Yes,Yes,691105,Active,2,Yes
TPIN1000000315,2024-11-19,Yes,Yes,263905,Active,9,Yes
TPIN1000000316,2025-04-08,Yes,Yes,204770,Active,5,Yes
TPIN1000000317,2024-11-16,Yes,Yes,726926,Active,4,Yes
TPIN1000000318,2024-10-10,Yes,Yes,361407,Active,7,Yes
TPIN1000000319,2025-05-18,Yes,Yes,689038,Active,1,Yes
TPIN1000000320,2025-05-21,Yes,Yes,402209,Active,3,Yes
TPIN1000000321,2024-10-31,Yes,Yes,800837,Active,2,Yes
TPIN1000000322,2025-08-12,Yes,Yes,265491,Active,7,Yes
TPIN1000000323,2025-07-21,Yes,Yes,181459,Active,10,Yes
TPIN1000000324,2025-07-03,Yes,Yes,858996,Active,6,Yes
TPIN1000000325,2025-08-04,Yes,Yes,903249,Active,9,Yes
TPIN1000000326,2025-09-25,Yes,Yes,447429,Active,10,Yes
TPIN1000000327,2025-10-06,Yes,Yes,544067,Active,2,Yes
TPIN1000000328,2025-04-21,Yes,Yes,265641,Active,9,Yes
TPIN1000000329,2025-04-27,Yes,Yes,142278,Active,7,Yes
TPIN1000000330,2025-03-31,Yes,Yes,679250,Active,3,Yes
TPIN1000000331,2025-04-08,Yes,Yes,336003,Active,8,Yes
TPIN1000000332,2024-10-19,Yes,Yes,759773,Active,3,Yes
TPIN1000000333,2024-12-07,Yes,Yes,340177,Active,2,Yes
TPIN1000000334,2025-09-24,Yes,Yes,617939,Active,10,Yes
TPIN1000000335,2025-08-29,Yes,Yes,350755,Active,4,Yes
TPIN1000000336,2025-04-17,Yes,Yes,27219,Active,4,Yes
TPIN1000000337,2025-03-23,Yes,Yes,274781,Active,2,Yes
TPIN1000000338,2024-12-02,Yes,Yes,817728,Active,3,Yes
TPIN1000000339,2025-02-23,Yes,Yes,469200,Active,5,Yes
TPIN1000000340,2025-06-13,Yes,Yes,857434,Active,2,Yes
TPIN1000000341,2025-09-13,Yes,Yes,263180,Active,7,Yes
TPIN1000000342,2025-05-30,Yes,Yes,837228,Active,3,Yes
TPIN1000000343,2025-05-29,Yes,Yes,270250,Active,9,Yes
TPIN1000000344,2024-11-15,Yes,Yes,889777,Active,6,Yes
TPIN1000000345,2025-08-11,Yes,Yes,204835,Active,9,Yes
TPIN1000000346,2024-10-29,Yes,Yes,403120,Active,7,Yes
TPIN1000000347,2025-09-27,Yes,Yes,648241,Active,7,Yes
TPIN1000000348,2025-08-29,Yes,Yes,543610,Active,5,Yes
TPIN1000000349,2025-05-17,Yes,Yes,236406,Active,6,Yes
TPIN1000000350,2024-11-15,Yes,Yes,835572,Active,4,Yes
TPIN1000000351,2025-02-02,Yes,Yes,348433,Active,5,Yes
TPIN1000000352,2025-01-11,Yes,Yes,37284,Active,5,Yes
TPIN1000000353,2025-03-13,Yes,Yes,163231,Active,6,Yes
TPIN1000000354,2025-04-21,Yes,Yes,577871,Active,3,Yes
TPIN1000000355,2025-02-16,Yes,Yes,775118,Active,8,Yes
TPIN1000000356,2025-09-04,Yes,Yes,782850,Active,3,Yes
TPIN1000000357,2025-05-28,Yes,Yes,852868,Active,6,Yes
TPIN1000000358,2025-08-28,Yes,Yes,956094,Active,5,Yes
TPIN1000000359,2025-06-02,Yes,Yes,864132,Active,10,Yes
TPIN1000000360,2025-04-02,Yes,Yes,52861,Active,4,Yes
TPIN1000000361,2024-10-08,Yes,Yes,734666,Active,5,Yes
TPIN1000000362,2025-02-21,Yes,Yes,679093,Active,2,Yes
TPIN1000000363,2025-03-24,Yes,Yes,993904,Active,8,Yes
TPIN1000000364,2025-02-19,Yes,Yes,784218,Active,8,Yes
TPIN1000000365,2025-07-11,Yes,Yes,878586,Active,2,Yes
TPIN1000000366,2024-12-04,Yes,Yes,999102,Active,4,Yes
TPIN1000000367,2025-07-13,Yes,Yes,869977,Active,6,Yes
TPIN1000000368,2025-03-27,Yes,Yes,440436,Active,4,Yes
TPIN1000000369,2025-02-20,Yes,Yes,24710,Active,10,Yes
TPIN1000000370,2025-03-11,Yes,Yes,208237,Active,3,Yes
TPIN1000000371,2024-10-30,Yes,Yes,371204,Active,7,Yes
TPIN1000000372,2024-11-04,Yes,Yes,984093,Active,8,Yes
TPIN1000000373,2025-04-13,Yes,Yes,439342,Active,10,Yes
TPIN1000000374,2025-04-28,Yes,Yes,605005,Active,5,Yes
TPIN1000000375,2025-04-17,Yes,Yes,576771,Active,9,Yes
TPIN1000000376,2024-12-22,Yes,Yes,491049,Active,8,Yes
TPIN1000000377,2024-12-03,Yes,Yes,411435,Active,4,Yes
TPIN1000000378,2025-05-10,Yes,Yes,99089,Active,6,Yes
TPIN1000000379,2025-05-16,Yes,Yes,742886,Active,5,Yes
TPIN1000000380,2025-01-30,Yes,Yes,15139,Active,3,Yes
TPIN1000000381,2024-11-28,Yes,Yes,849642,Active,4,Yes
TPIN1000000382,2025-06-08,Yes,Yes,441071,Active,6,Yes
TPIN1000000383,2025-01-22,Yes,Yes,616800,Active,7,Yes
TPIN1000000384,2025-01-28,Yes,Yes,586361,Active,7,Yes
TPIN1000000385,2025-01-30,Yes,Yes,481733,Active,9,Yes
TPIN1000000386,2025-03-09,Yes,Yes,128948,Active,2,Yes
TPIN1000000387,2025-05-14,Yes,Yes,957133,Active,4,Yes
TPIN1000000388,2025-08-03,Yes,Yes,362944,Active,7,Yes
TPIN1000000389,2025-04-22,Yes,Yes,401945,Active,5,Yes
TPIN1000000390,2024-11-01,Yes,Yes,222692,Active,6,Yes
TPIN1000000391,2025-06-15,Yes,Yes,281564,Active,7,Yes
TPIN1000000392,2025-03-15,Yes,Yes,722113,Active,6,Yes
TPIN1000000393,2024-12-18,Yes,Yes,75104,Active,9,Yes
TPIN1000000394,2025-08-12,Yes,Yes,578068,Active,8,Yes
TPIN1000000395,2025-01-29,Yes,Yes,426899,Active,10,Yes
TPIN1000000396,2025-09-23,Yes,Yes,731679,Active,6,Yes
TPIN1000000397,2025-02-28,Yes,Yes,226177,Active,3,Yes
TPIN1000000398,2025-03-18,Yes,Yes,736474,Active,6,Yes
TPIN1000000399,2025-03-09,Yes,Yes,183460,Active,3,Yes
TPIN1000000400,2025-01-30,Yes,Yes,545817,Active,9,Yes
TPIN1000000401,2025-06-07,Yes,Yes,291912,Active,5,Yes
TPIN1000000402,2025-09-23,Yes,Yes,151592,Active,8,Yes
TPIN1000000403,2024-12-17,Yes,Yes,213451,Active,3,Yes
TPIN1000000404,2025-02-21,Yes,Yes,473012,Active,7,Yes
TPIN1000000405,2025-04-11,Yes,Yes,152506,Active,2,Yes
TPIN1000000406,2024-11-09,Yes,Yes,607862,Active,10,Yes
TPIN1000000407,2025-03-23,Yes,Yes,502088,Active,8,Yes
TPIN1000000408,2024-11-22,Yes,Yes,495491,Active,1,Yes
TPIN1000000409,2025-06-26,Yes,Yes,502248,Active,7,Yes
TPIN1000000410,2025-01-02,Yes,Yes,700063,Active,3,Yes
TPIN1000000411,2025-01-13,Yes,Yes,1003475,Active,4,Yes
TPIN1000000412,2025-07-15,Yes,Yes,976534,Active,8,Yes
TPIN1000000413,2025-04-27,Yes,Yes,29559,Active,2,Yes
TPIN1000000414,2024-11-29,Yes,Yes,639440,Active,6,Yes
TPIN1000000415,2025-08-29,Yes,Yes,108501,Active,8,Yes
TPIN1000000416,2025-03-24,Yes,Yes,698295,Active,9,Yes
TPIN1000000417,2024-10-12,Yes,Yes,565751,Active,6,Yes
TPIN1000000418,2025-06-08,Yes,Yes,642807,Active,2,Yes
TPIN1000000419,2024-11-26,Yes,Yes,801529,Active,6,Yes
TPIN1000000420,2025-03-24,Yes,Yes,873973,Active,6,Yes
TPIN1000000421,2025-02-01,Yes,Yes,361089,Active,9,Yes
TPIN1000000422,2025-05-06,Yes,Yes,508715,Active,8,Yes
TPIN1000000423,2024-11-22,Yes,Yes,19320,Active,10,Yes
TPIN1000000424,2025-02-06,Yes,Yes,482337,Active,9,Yes
TPIN1000000425,2025-08-31,Yes,Yes,723169,Active,4,Yes
TPIN1000000426,2024-11-27,Yes,Yes,61254,Active,4,Yes
TPIN1000000427,2025-01-07,Yes,Yes,62827,Active,7,Yes
TPIN1000000428,2025-07-13,Yes,Yes,222899,Active,10,Yes
TPIN1000000429,2025-02-28,Yes,Yes,702119,Active,2,Yes
TPIN1000000430,2025-08-24,Yes,Yes,961276,Active,5,Yes
TPIN1000000431,2025-01-31,Yes,Yes,1005773,Active,3,Yes
TPIN1000000432,2025-01-05,Yes,Yes,150195,Active,2,Yes
TPIN1000000433,2024-12-19,Yes,Yes,487584,Active,10,Yes
TPIN1000000434,2025-09-15,Yes,Yes,12503,Active,9,Yes
TPIN1000000435,2024-10-15,Yes,Yes,976762,Active,6,Yes
TPIN1000000436,2025-08-20,Yes,Yes,367116,Active,10,Yes
TPIN1000000437,2025-01-08,Yes,Yes,49478,Active,5,Yes
TPIN1000000438,2025-01-03,Yes,Yes,372611,Active,4,Yes
TPIN1000000439,2024-11-04,Yes,Yes,171427,Active,8,Yes
TPIN1000000440,2025-07-10,Yes,Yes,25336,Active,9,Yes
TPIN1000000441,2024-10-25,Yes,Yes,414196,Active,10,Yes
TPIN1000000442,2025-06-11,Yes,Yes,723218,Active,5,Yes
TPIN1000000443,2025-01-23,Yes,Yes,695295,Active,2,Yes
TPIN1000000444,2025-09-03,Yes,Yes,535859,Active,10,Yes
TPIN1000000445,2025-08-29,Yes,Yes,270616,Active,3,Yes
TPIN1000000446,2025-09-22,Yes,Yes,643365,Active,5,Yes
TPIN1000000447,2025-04-04,Yes,Yes,993959,Active,7,Yes
TPIN1000000448,2025-03-01,Yes,Yes,826056,Active,4,Yes
TPIN1000000449,2025-07-09,Yes,Yes,83225,Active,3,Yes
TPIN1000000450,2024-12-11,Yes,Yes,832547,Active,7,Yes
TPIN1000000451,2025-08-22,Yes,Yes,118133,Active,7,Yes
TPIN1000000452,2025-07-17,Yes,Yes,610202,Active,5,Yes
TPIN1000000453,2025-03-28,Yes,Yes,527916,Active,8,Yes
TPIN1000000454,2025-08-09,Yes,Yes,857294,Active,10,Yes
TPIN1000000455,2024-12-06,Yes,Yes,210665,Active,10,Yes
TPIN1000000456,2025-07-14,Yes,Yes,635555,Active,1,Yes
TPIN1000000457,2025-01-16,Yes,Yes,436595,Active,5,Yes
TPIN1000000458,2025-08-27,Yes,Yes,135552,Active,4,Yes
TPIN1000000459,2024-11-21,Yes,Yes,696015,Active,4,Yes
TPIN1000000460,2025-06-06,Yes,Yes,155689,Active,2,Yes
TPIN1000000461,2025-06-13,Yes,Yes,321060,Active,9,Yes
TPIN1000000462,2025-07-11,Yes,Yes,700624,Active,9,Yes
TPIN1000000463,2024-11-21,Yes,Yes,578064,Active,9,Yes
TPIN1000000464,2025-02-26,Yes,Yes,867943,Active,8,Yes
TPIN1000000465,2025-01-22,Yes,Yes,219465,Active,3,Yes
TPIN1000000466,2024-11-07,Yes,Yes,781349,Active,6,Yes
TPIN1000000467,2025-02-08,Yes,Yes,82038,Active,4,Yes
TPIN1000000468,2025-06-28,Yes,Yes,689169,Active,10,Yes
TPIN1000000469,2025-06-12,Yes,Yes,219166,Active,4,Yes
TPIN1000000470,2025-05-05,Yes,Yes,805932,Active,5,Yes
TPIN1000000471,2025-03-12,Yes,Yes,989292,Active,3,Yes
TPIN1000000472,2025-02-25,Yes,Yes,256194,Active,9,Yes
TPIN1000000473,2025-09-26,Yes,Yes,475968,Active,3,Yes
TPIN1000000474,2025-04-11,Yes,Yes,440996,Active,5,Yes
TPIN1000000475,2025-02-10,Yes,Yes,1006976,Active,4,Yes
TPIN1000000476,2025-03-31,Yes,Yes,382747,Active,2,Yes
TPIN1000000477,2024-11-14,Yes,Yes,898869,Active,4,Yes
TPIN1000000478,2025-01-17,Yes,Yes,283331,Active,10,Yes
TPIN1000000479,2024-11-12,Yes,Yes,801126,Active,3,Yes
TPIN1000000480,2024-12-11,Yes,Yes,804999,Active,9,Yes
TPIN1000000481,2025-07-04,Yes,Yes,25147,Active,9,Yes
TPIN1000000482,2025-06-10,Yes,Yes,324571,Active,3,Yes
TPIN1000000483,2025-04-08,Yes,Yes,958773,Active,2,Yes
TPIN1000000484,2024-12-14,Yes,Yes,405206,Active,4,Yes
TPIN1000000485,2025-07-18,Yes,Yes,79782,Active,8,Yes
TPIN1000000486,2025-02-12,Yes,Yes,861744,Active,2,Yes
TPIN1000000487,2025-02-10,Yes,Yes,300336,Active,2,Yes
TPIN1000000488,2024-11-02,Yes,Yes,104470,Active,8,Yes
TPIN1000000489,2025-07-08,Yes,Yes,669617,Active,9,Yes
TPIN1000000490,2025-02-01,Yes,Yes,825133,Active,10,Yes
TPIN1000000491,2025-02-27,Yes,Yes,302393,Active,4,Yes
TPIN1000000492,2024-10-15,Yes,Yes,638564,Active,3,Yes
TPIN1000000493,2025-09-21,Yes,Yes,445638,Active,6,Yes
TPIN1000000494,2025-05-07,Yes,Yes,1008433,Active,2,Yes
TPIN1000000495,2024-10-26,Yes,Yes,650747,Active,9,Yes
TPIN1000000496,2025-06-26,Yes,Yes,889366,Active,7,Yes
TPIN1000000497,2025-03-03,Yes,Yes,247061,Active,10,Yes
TPIN1000000498,2025-08-17,Yes,Yes,815626,Active,6,Yes
TPIN1000000499,2024-11-29,Yes,Yes,904997,Active,10,Yes
TPIN1000000500,2025-02-07,Yes,Yes,897609,Active,6,Yes
TPIN1000000501,2024-11-13,Yes,Yes,199705,Active,9,Yes
TPIN1000000502,2024-12-10,Yes,Yes,347054,Active,9,Yes
TPIN1000000503,2025-04-08,Yes,Yes,504630,Active,2,Yes
TPIN1000000504,2025-07-20,Yes,Yes,909726,Active,5,Yes
TPIN1000000505,2025-08-29,Yes,Yes,921301,Active,2,Yes
TPIN1000000506,2025-07-28,Yes,Yes,742305,Active,4,Yes
TPIN1000000507,2025-04-17,Yes,Yes,342188,Active,10,Yes
TPIN1000000508,2024-11-03,Yes,Yes,749159,Active,3,Yes
TPIN1000000509,2024-12-05,Yes,Yes,35236,Active,10,Yes
TPIN1000000510,2025-03-27,Yes,Yes,193550,Active,2,Yes
TPIN1000000511,2025-03-26,Yes,Yes,68541,Active,6,Yes
TPIN1000000512,2025-03-19,Yes,Yes,357503,Active,2,Yes
TPIN1000000513,2025-01-23,Yes,Yes,948811,Active,2,Yes
TPIN1000000514,2025-02-22,Yes,Yes,840122,Active,5,Yes
TPIN1000000515,2025-09-06,Yes,Yes,918725,Active,3,Yes
TPIN1000000516,2025-07-22,Yes,Yes,463448,Active,7,Yes
TPIN1000000517,2025-02-03,Yes,Yes,865230,Active,4,Yes
TPIN1000000518,2025-07-19,Yes,Yes,904372,Active,3,Yes
TPIN1000000519,2025-09-19,Yes,Yes,853569,Active,5,Yes
TPIN1000000520,2025-04-29,Yes,Yes,550105,Active,10,Yes
TPIN1000000521,2025-09-21,Yes,Yes,637801,Active,3,Yes
TPIN1000000522,2025-09-22,Yes,Yes,879628,Active,7,Yes
TPIN1000000523,2025-03-12,Yes,Yes,534527,Active,10,Yes
TPIN1000000524,2025-01-21,Yes,Yes,258818,Active,3,Yes
TPIN1000000525,2025-08-30,Yes,Yes,677655,Active,4,Yes
TPIN1000000526,2025-09-04,Yes,Yes,781339,Active,6,Yes
TPIN1000000527,2025-04-11,Yes,Yes,71033,Active,4,Yes
TPIN1000000528,2025-05-31,Yes,Yes,916384,Active,4,Yes
TPIN1000000529,2025-01-05,Yes,Yes,257841,Active,9,Yes
TPIN1000000530,2025-03-08,Yes,Yes,606556,Active,9,Yes
TPIN1000000531,2024-11-28,Yes,Yes,188854,Active,3,Yes
TPIN1000000532,2025-08-05,Yes,Yes,54557,Active,9,Yes
TPIN1000000533,2024-12-07,Yes,Yes,239983,Active,3,Yes
TPIN1000000534,2025-03-02,Yes,Yes,203258,Active,7,Yes
TPIN1000000535,2025-03-07,Yes,Yes,640445,Active,7,Yes
TPIN1000000536,2025-06-12,Yes,Yes,419372,Active,9,Yes
TPIN1000000537,2024-10-18,Yes,Yes,967708,Active,6,Yes
TPIN1000000538,2025-06-18,Yes,Yes,365497,Active,5,Yes
TPIN1000000539,2025-08-10,Yes,Yes,386868,Active,9,Yes
TPIN1000000540,2025-07-13,Yes,Yes,239736,Active,3,Yes
TPIN1000000541,2025-08-11,Yes,Yes,685181,Active,3,Yes
TPIN1000000542,2024-12-03,Yes,Yes,930938,Active,8,Yes
TPIN1000000543,2024-11-23,Yes,Yes,428344,Active,5,Yes
TPIN1000000544,2025-05-08,Yes,Yes,712315,Active,6,Yes
TPIN1000000545,2025-02-12,Yes,Yes,640868,Active,2,Yes
TPIN1000000546,2025-08-02,Yes,Yes,178844,Active,4,Yes
TPIN1000000547,2025-02-18,Yes,Yes,871212,Active,4,Yes
TPIN1000000548,2025-02-06,Yes,Yes,986779,Active,3,Yes
TPIN1000000549,2025-06-04,Yes,Yes,992220,Active,8,Yes
TPIN1000000550,2025-07-22,Yes,Yes,494931,Active,10,Yes
TPIN1000000551,2025-01-11,Yes,Yes,504997,Active,2,Yes
TPIN1000000552,2024-12-21,Yes,Yes,901183,Active,9,Yes
TPIN1000000553,2024-10-11,Yes,Yes,610006,Active,4,Yes
TPIN1000000554,2025-06-24,Yes,Yes,367526,Active,2,Yes
TPIN1000000555,2024-12-18,Yes,Yes,237748,Active,7,Yes
TPIN1000000556,2025-06-18,Yes,Yes,950741,Active,4,Yes
TPIN1000000557,2025-08-16,Yes,Yes,214252,Active,9,Yes
TPIN1000000558,2025-06-05,Yes,Yes,711000,Active,10,Yes
TPIN1000000559,2025-04-27,Yes,Yes,748549,Active,8,Yes
TPIN1000000560,2025-05-20,Yes,Yes,530232,Active,3,Yes
TPIN1000000561,2025-06-10,Yes,Yes,966703,Active,9,Yes
TPIN1000000562,2025-07-07,Yes,Yes,894636,Active,8,Yes
TPIN1000000563,2024-12-24,Yes,Yes,318112,Active,3,Yes
TPIN1000000564,2025-06-23,Yes,Yes,361540,Active,5,Yes
TPIN1000000565,2025-06-08,Yes,Yes,188441,Active,10,Yes
TPIN1000000566,2025-05-18,Yes,Yes,577864,Active,5,Yes
TPIN1000000567,2025-03-26,Yes,Yes,43270,Active,2,Yes
TPIN1000000568,2024-12-20,Yes,Yes,558987,Active,7,Yes
TPIN1000000569,2025-02-12,Yes,Yes,397959,Active,7,Yes
TPIN1000000570,2024-11-23,Yes,Yes,29493,Active,10,Yes
TPIN1000000571,2025-07-10,Yes,Yes,251251,Active,8,Yes
TPIN1000000572,2025-07-25,Yes,Yes,278153,Active,7,Yes
TPIN1000000573,2025-02-15,Yes,Yes,778704,Active,6,Yes
TPIN1000000574,2024-11-14,Yes,Yes,809426,Active,7,Yes
TPIN1000000575,2025-01-17,Yes,Yes,149670,Active,6,Yes
TPIN1000000576,2025-01-16,Yes,Yes,973397,Active,9,Yes
TPIN1000000577,2025-01-13,Yes,Yes,44469,Active,4,Yes
TPIN1000000578,2025-05-24,Yes,Yes,909137,Active,5,Yes
TPIN1000000579,2025-07-17,Yes,Yes,91216,Active,3,Yes
TPIN1000000580,2025-01-17,Yes,Yes,352364,Active,6,Yes
TPIN1000000581,2025-04-06,Yes,Yes,753283,Active,7,Yes
TPIN1000000582,2024-12-05,Yes,Yes,13725,Active,8,Yes
TPIN1000000583,2024-11-04,Yes,Yes,363310,Active,7,Yes
TPIN1000000584,2024-11-21,Yes,Yes,52985,Active,8,Yes
TPIN1000000585,2025-03-23,Yes,Yes,986678,Active,3,Yes
TPIN1000000586,2024-11-28,Yes,Yes,636154,Active,9,Yes
TPIN1000000587,2024-12-21,Yes,Yes,993022,Active,3,Yes
TPIN1000000588,2025-07-09,Yes,Yes,773223,Active,6,Yes
TPIN1000000589,2025-05-02,Yes,Yes,287976,Active,7,Yes
TPIN1000000590,2025-04-30,Yes,Yes,93914,Active,2,Yes
TPIN1000000591,2025-10-03,Yes,Yes,472683,Active,4,Yes
TPIN1000000592,2025-01-19,Yes,Yes,663039,Active,9,Yes
TPIN1000000593,2024-10-08,Yes,Yes,720587,Active,6,Yes
TPIN1000000594,2025-02-22,Yes,Yes,39104,Active,4,Yes
TPIN1000000595,2025-06-28,Yes,Yes,560712,Active,1,Yes
TPIN1000000596,2025-02-26,Yes,Yes,419923,Active,3,Yes
TPIN1000000597,2024-11-12,Yes,Yes,776706,Active,5,Yes
TPIN1000000598,2024-12-16,Yes,Yes,893691,Active,5,Yes
TPIN1000000599,2025-09-04,Yes,Yes,415570,Active,4,Yes
TPIN1000000600,2024-11-19,Yes,Yes,133148,Active,5,Yes
TPIN1000000601,2025-06-08,Yes,Yes,981932,Active,6,Yes
TPIN1000000602,2024-11-05,Yes,Yes,150684,Active,8,Yes
TPIN1000000603,2025-09-09,Yes,Yes,904787,Active,6,Yes
TPIN1000000604,2025-08-09,Yes,Yes,103886,Active,9,Yes
TPIN1000000605,2025-05-20,Yes,Yes,985989,Active,7,Yes
TPIN1000000606,2025-05-24,Yes,Yes,826814,Active,4,Yes
TPIN1000000607,2025-04-28,Yes,Yes,712835,Active,3,Yes
TPIN1000000608,2025-07-02,Yes,Yes,501448,Active,4,Yes
TPIN1000000609,2024-11-23,Yes,Yes,371221,Active,8,Yes
TPIN1000000610,2025-09-16,Yes,Yes,944671,Active,6,Yes
TPIN1000000611,2025-08-21,Yes,Yes,381695,Active,2,Yes
TPIN1000000612,2025-05-15,Yes,Yes,70078,Active,9,Yes
TPIN1000000613,2025-09-25,Yes,Yes,473532,Active,4,Yes
TPIN1000000614,2024-10-31,Yes,Yes,555522,Active,2,Yes
TPIN1000000615,2025-08-18,Yes,Yes,432421,Active,6,Yes
TPIN1000000616,2024-11-05,Yes,Yes,758853,Active,6,Yes
TPIN1000000617,2025-06-17,Yes,Yes,776920,Active,10,Yes
TPIN1000000618,2025-07-27,Yes,Yes,290021,Active,5,Yes
TPIN1000000619,2024-11-02,Yes,Yes,973971,Active,2,Yes
TPIN1000000620,2024-11-22,Yes,Yes,836779,Active,2,Yes
TPIN1000000621,2025-09-18,Yes,Yes,965581,Active,2,Yes
TPIN1000000622,2025-03-19,Yes,Yes,811783,Active,5,Yes
TPIN1000000623,2025-06-16,Yes,Yes,419510,Active,8,Yes
TPIN1000000624,2025-02-12,Yes,Yes,763095,Active,10,Yes
TPIN1000000625,2025-08-13,Yes,Yes,657341,Active,9,Yes
TPIN1000000626,2025-04-06,Yes,Yes,789041,Active,5,Yes
TPIN1000000627,2025-05-09,Yes,Yes,323470,Active,6,Yes
TPIN1000000628,2024-11-08,Yes,Yes,382694,Active,7,Yes
TPIN1000000629,2025-08-19,Yes,Yes,528019,Active,4,Yes
TPIN1000000630,2025-08-28,Yes,Yes,816628,Active,8,Yes
TPIN1000000631,2025-02-12,Yes,Yes,731191,Active,5,Yes
TPIN1000000632,2025-09-27,Yes,Yes,205378,Active,10,Yes
TPIN1000000633,2025-02-20,Yes,Yes,754632,Active,8,Yes
TPIN1000000634,2025-09-14,Yes,Yes,481086,Active,8,Yes
TPIN1000000635,2025-08-11,Yes,Yes,63937,Active,7,Yes
TPIN1000000636,2025-08-07,Yes,Yes,660638,Active,8,Yes
TPIN1000000637,2024-10-09,Yes,Yes,898273,Active,10,Yes
TPIN1000000638,2025-03-07,Yes,Yes,71263,Active,4,Yes
TPIN1000000639,2025-07-02,Yes,Yes,711162,Active,5,Yes
TPIN1000000640,2024-12-29,Yes,Yes,961753,Active,6,Yes
TPIN1000000641,2025-01-02,Yes,Yes,405651,Active,10,Yes
TPIN1000000642,2025-08-13,Yes,Yes,38598,Active,2,Yes
TPIN1000000643,2025-09-13,Yes,Yes,902169,Active,3,Yes
TPIN1000000644,2025-04-08,Yes,Yes,936540,Active,8,Yes
TPIN1000000645,2025-08-23,Yes,Yes,725561,Active,7,Yes
TPIN1000000646,2024-11-01,Yes,Yes,769719,Active,1,Yes
TPIN1000000647,2025-04-18,Yes,Yes,513936,Active,9,Yes
TPIN1000000648,2025-06-17,Yes,Yes,931953,Active,4,Yes
TPIN1000000649,2025-06-28,Yes,Yes,738394,Active,2,Yes
TPIN1000000650,2025-06-24,Yes,Yes,892252,Active,7,Yes
TPIN1000000651,2025-02-10,Yes,Yes,316314,Active,3,Yes
TPIN1000000652,2025-01-31,Yes,Yes,458621,Active,3,Yes
TPIN1000000653,2024-12-14,Yes,Yes,229799,Active,3,Yes
TPIN1000000654,2024-12-18,Yes,Yes,568996,Active,10,Yes
TPIN1000000655,2024-10-20,Yes,Yes,702052,Active,3,Yes
TPIN1000000656,2025-08-29,Yes,Yes,146514,Active,9,Yes
TPIN1000000657,2024-12-18,Yes,Yes,174524,Active,8,Yes
TPIN1000000658,2025-03-19,Yes,Yes,295225,Active,4,Yes
TPIN1000000659,2025-08-16,Yes,Yes,436108,Active,2,Yes
TPIN1000000660,2025-05-28,Yes,Yes,900208,Active,7,Yes
TPIN1000000661,2025-08-18,Yes,Yes,953357,Active,2,Yes
TPIN1000000662,2025-09-06,Yes,Yes,419590,Active,4,Yes
TPIN1000000663,2025-02-06,Yes,Yes,827449,Active,9,Yes
TPIN1000000664,2025-06-21,Yes,Yes,686947,Active,2,Yes
TPIN1000000665,2025-08-02,Yes,Yes,883558,Active,4,Yes
TPIN1000000666,2025-08-21,Yes,Yes,171023,Active,3,Yes
TPIN1000000667,2024-10-16,Yes,Yes,61345,Active,7,Yes
TPIN1000000668,2025-06-06,Yes,Yes,253888,Active,10,Yes
TPIN1000000669,2024-12-06,Yes,Yes,640825,Active,9,Yes
TPIN1000000670,2025-01-05,Yes,Yes,205421,Active,5,Yes
TPIN1000000671,2025-08-11,Yes,Yes,700199,Active,6,Yes
TPIN1000000672,2025-08-08,Yes,Yes,967780,Active,5,Yes
TPIN1000000673,2024-10-20,Yes,Yes,655070,Active,6,Yes
TPIN1000000674,2025-07-22,Yes,Yes,256063,Active,1,Yes
TPIN1000000675,2025-05-24,Yes,Yes,731231,Active,1,Yes
TPIN1000000676,2024-12-28,Yes,Yes,51264,Active,8,Yes
TPIN1000000677,2025-02-23,Yes,Yes,422890,Active,8,Yes
TPIN1000000678,2025-05-10,Yes,Yes,247178,Active,2,Yes
TPIN1000000679,2025-08-01,Yes,Yes,710984,Active,10,Yes
TPIN1000000680,2024-10-28,Yes,Yes,498621,Active,9,Yes
TPIN1000000681,2024-12-10,Yes,Yes,656979,Active,6,Yes
TPIN1000000682,2024-10-25,Yes,Yes,95825,Active,3,Yes
TPIN1000000683,2025-05-30,Yes,Yes,855190,Active,6,Yes
TPIN1000000684,2025-09-26,Yes,Yes,279102,Active,7,Yes
TPIN1000000685,2025-04-22,Yes,Yes,842048,Active,10,Yes
TPIN1000000686,2024-11-05,Yes,Yes,680501,Active,7,Yes
TPIN1000000687,2025-09-20,Yes,Yes,296295,Active,6,Yes
TPIN1000000688,2025-03-16,Yes,Yes,657357,Active,9,Yes
TPIN1000000689,2025-03-18,Yes,Yes,503637,Active,4,Yes
TPIN1000000690,2025-01-12,Yes,Yes,905231,Active,7,Yes
TPIN1000000691,2025-08-04,Yes,Yes,792469,Active,9,Yes
TPIN1000000692,2025-07-20,Yes,Yes,903227,Active,8,Yes
TPIN1000000693,2025-07-04,Yes,Yes,528002,Active,3,Yes
TPIN1000000694,2024-11-11,Yes,Yes,462093,Active,2,Yes
TPIN1000000695,2025-05-16,Yes,Yes,997223,Active,6,Yes
TPIN1000000696,2025-05-16,Yes,Yes,132688,Active,10,Yes
TPIN1000000697,2025-08-18,Yes,Yes,727720,Active,10,Yes
TPIN1000000698,2025-05-06,Yes,Yes,985195,Active,9,Yes
TPIN1000000699,2025-05-27,Yes,Yes,437844,Active,3,Yes
TPIN1000000700,2025-04-12,Yes,Yes,455134,Active,1,Yes
TPIN1000000701,2024-12-18,Yes,Yes,45062,Active,2,Yes
TPIN1000000702,2025-08-10,Yes,Yes,877548,Active,4,Yes
TPIN1000000703,2025-07-25,Yes,Yes,956146,Active,7,Yes
TPIN1000000704,2025-08-30,Yes,Yes,669729,Active,3,Yes
TPIN1000000705,2024-10-27,Yes,Yes,24040,Active,5,Yes
TPIN1000000706,2025-08-29,Yes,Yes,440909,Active,2,Yes
TPIN1000000707,2025-09-25,Yes,Yes,433868,Active,3,Yes
TPIN1000000708,2025-07-17,Yes,Yes,134576,Active,3,Yes
TPIN1000000709,2025-09-13,Yes,Yes,152272,Active,4,Yes
TPIN1000000710,2025-04-17,Yes,Yes,442655,Active,3,Yes
TPIN1000000711,2025-03-20,Yes,Yes,372721,Active,10,Yes
TPIN1000000712,2025-09-20,Yes,Yes,246829,Active,2,Yes
TPIN1000000713,2025-07-03,Yes,Yes,741855,Active,8,Yes
TPIN1000000714,2024-12-22,Yes,Yes,670750,Active,10,Yes
TPIN1000000715,2025-10-02,Yes,Yes,455886,Active,6,Yes
TPIN1000000716,2025-06-02,Yes,Yes,900221,Active,2,Yes
TPIN1000000717,2025-01-20,Yes,Yes,259573,Active,9,Yes
TPIN1000000718,2024-11-12,Yes,Yes,209268,Active,8,Yes
TPIN1000000719,2025-01-19,Yes,Yes,436788,Active,2,Yes
TPIN1000000720,2024-11-30,Yes,Yes,616089,Active,3,Yes
TPIN1000000721,2025-02-14,Yes,Yes,862027,Active,4,Yes
TPIN1000000722,2025-01-23,Yes,Yes,351035,Active,1,Yes
TPIN1000000723,2025-09-09,Yes,Yes,443350,Active,9,Yes
TPIN1000000724,2025-09-28,Yes,Yes,249932,Active,10,Yes
TPIN1000000725,2025-03-29,Yes,Yes,35332,Active,2,Yes
TPIN1000000726,2025-08-13,Yes,Yes,890374,Active,4,Yes
TPIN1000000727,2025-06-24,Yes,Yes,314849,Active,3,Yes
TPIN1000000728,2025-02-07,Yes,Yes,243543,Active,2,Yes
TPIN1000000729,2025-04-24,Yes,Yes,882113,Active,3,Yes
TPIN1000000730,2025-03-28,Yes,Yes,623009,Active,4,Yes
TPIN1000000731,2025-03-08,Yes,Yes,390427,Active,3,Yes
TPIN1000000732,2024-12-14,Yes,Yes,558800,Active,7,Yes
TPIN1000000733,2025-08-01,Yes,Yes,941313,Active,2,Yes
TPIN1000000734,2025-09-09,Yes,Yes,306797,Active,4,Yes
TPIN1000000735,2025-07-06,Yes,Yes,41894,Active,4,Yes
TPIN1000000736,2025-02-09,Yes,Yes,921259,Active,4,Yes
TPIN1000000737,2024-11-09,Yes,Yes,844979,Active,10,Yes
TPIN1000000738,2024-12-11,Yes,Yes,969152,Active,3,Yes
TPIN1000000739,2025-09-02,Yes,Yes,726933,Active,2,Yes
TPIN1000000740,2025-10-06,Yes,Yes,524743,Active,3,Yes
TPIN1000000741,2025-03-29,Yes,Yes,46595,Active,5,Yes
TPIN1000000742,2025-09-30,Yes,Yes,491186,Active,9,Yes
TPIN1000000743,2025-05-06,Yes,Yes,909555,Active,2,Yes
TPIN1000000744,2025-03-09,Yes,Yes,40975,Active,6,Yes
TPIN1000000745,2025-07-21,Yes,Yes,983384,Active,10,Yes
TPIN1000000746,2025-04-22,Yes,Yes,340818,Active,8,Yes
TPIN1000000747,2024-12-28,Yes,Yes,68893,Active,7,Yes
TPIN1000000748,2024-10-17,Yes,Yes,630393,Active,7,Yes
TPIN1000000749,2024-11-24,Yes,Yes,755297,Active,2,Yes
TPIN1000000750,2025-08-12,Yes,Yes,217276,Active,6,Yes
TPIN1000000751,2025-04-07,Yes,Yes,900010,Active,4,Yes
TPIN1000000752,2025-02-08,Yes,Yes,665920,Active,8,Yes
TPIN1000000753,2025-06-12,Yes,Yes,196928,Active,5,Yes
TPIN1000000754,2025-02-14,Yes,Yes,101539,Active,8,Yes
TPIN1000000755,2025-02-21,Yes,Yes,242183,Active,5,Yes
TPIN1000000756,2025-06-25,Yes,Yes,401225,Active,5,Yes
TPIN1000000757,2025-01-06,Yes,Yes,423620,Active,5,Yes
TPIN1000000758,2025-02-17,Yes,Yes,465401,Active,3,Yes
TPIN1000000759,2024-11-18,Yes,Yes,777534,Active,4,Yes
TPIN1000000760,2025-02-21,Yes,Yes,966568,Active,2,Yes
TPIN1000000761,2025-01-11,Yes,Yes,601183,Active,9,Yes
TPIN1000000762,2024-12-13,Yes,Yes,36279,Active,2,Yes
TPIN1000000763,2025-05-22,Yes,Yes,899559,Active,3,Yes
TPIN1000000764,2024-11-22,Yes,Yes,695745,Active,2,Yes
TPIN1000000765,2025-04-26,Yes,Yes,123776,Active,2,Yes
TPIN1000000766,2024-10-19,Yes,Yes,716044,Active,5,Yes
TPIN1000000767,2025-03-15,Yes,Yes,944931,Active,9,Yes
TPIN1000000768,2025-03-21,Yes,Yes,684196,Active,9,Yes
TPIN1000000769,2025-01-01,Yes,Yes,155386,Active,6,Yes
TPIN1000000770,2024-12-03,Yes,Yes,275337,Active,6,Yes
TPIN1000000771,2025-02-15,Yes,Yes,759672,Active,10,Yes
TPIN1000000772,2024-12-03,Yes,Yes,997342,Active,1,Yes
TPIN1000000773,2025-09-07,Yes,Yes,278904,Active,7,Yes
TPIN1000000774,2025-04-19,Yes,Yes,74565,Active,9,Yes
TPIN1000000775,2025-05-14,Yes,Yes,392402,Active,4,Yes
TPIN1000000776,2025-03-06,Yes,Yes,332662,Active,7,Yes
TPIN1000000777,2024-12-09,Yes,Yes,141343,Active,7,Yes
TPIN1000000778,2025-02-22,Yes,Yes,101612,Active,6,Yes
TPIN1000000779,2024-10-30,Yes,Yes,302027,Active,5,Yes
TPIN1000000780,2025-01-28,Yes,Yes,727283,Active,5,Yes
TPIN1000000781,2025-02-28,Yes,Yes,342931,Active,7,Yes
TPIN1000000782,2025-05-23,Yes,Yes,336796,Active,9,Yes
TPIN1000000783,2024-11-13,Yes,Yes,119390,Active,10,Yes
TPIN1000000784,2025-04-13,Yes,Yes,841303,Active,3,Yes
TPIN1000000785,2025-10-07,Yes,Yes,796923,Active,7,Yes
TPIN1000000786,2024-12-01,Yes,Yes,603951,Active,6,Yes
TPIN1000000787,2024-12-02,Yes,Yes,88306,Active,10,Yes
TPIN1000000788,2025-01-25,Yes,Yes,215647,Active,3,Yes
TPIN1000000789,2024-12-24,Yes,Yes,890737,Active,5,Yes
TPIN1000000790,2025-08-15,Yes,Yes,288165,Active,7,Yes
TPIN1000000791,2024-10-11,Yes,Yes,741100,Active,3,Yes
TPIN1000000792,2024-11-01,Yes,Yes,943809,Active,6,Yes
TPIN1000000793,2024-12-03,Yes,Yes,108148,Active,6,Yes
TPIN1000000794,2024-11-06,Yes,Yes,544129,Active,7,Yes
TPIN1000000795,2025-02-28,Yes,Yes,264520,Active,6,Yes
TPIN1000000796,2024-12-08,Yes,Yes,112200,Active,5,Yes
TPIN1000000797,2025-10-01,Yes,Yes,618790,Active,3,Yes
TPIN1000000798,2025-09-01,Yes,Yes,61343,Active,9,Yes
TPIN1000000799,2024-11-12,Yes,Yes,961949,Active,4,Yes
TPIN1000000800,2025-05-30,Yes,Yes,897037,Active,8,Yes
TPIN1000000801,2025-03-13,Yes,Yes,748440,Active,4,Yes
TPIN1000000802,2025-06-10,Yes,Yes,481893,Active,10,Yes
TPIN1000000803,2024-12-24,Yes,Yes,420018,Active,6,Yes
TPIN1000000804,2025-06-26,Yes,Yes,824296,Active,4,Yes
TPIN1000000805,2025-01-13,Yes,Yes,335385,Active,9,Yes
TPIN1000000806,2024-10-14,Yes,Yes,543552,Active,9,Yes
TPIN1000000807,2025-10-02,Yes,Yes,382982,Active,4,Yes
TPIN1000000808,2025-01-16,Yes,Yes,134009,Active,9,Yes
TPIN1000000809,2025-09-16,Yes,Yes,831152,Active,8,Yes
TPIN1000000810,2025-09-30,Yes,Yes,114449,Active,6,Yes
TPIN1000000811,2025-04-07,Yes,Yes,271834,Active,2,Yes
TPIN1000000812,2025-04-20,Yes,Yes,892473,Active,3,Yes
TPIN1000000813,2025-04-04,Yes,Yes,162313,Active,6,Yes
TPIN1000000814,2025-07-08,Yes,Yes,130592,Active,2,Yes
TPIN1000000815,2025-10-05,Yes,Yes,977428,Active,4,Yes
TPIN1000000816,2025-04-01,Yes,Yes,644863,Active,4,Yes
TPIN1000000817,2025-09-21,Yes,Yes,91541,Active,5,Yes
TPIN1000000818,2025-04-17,Yes,Yes,164473,Active,3,Yes
TPIN1000000819,2025-04-04,Yes,Yes,553186,Active,7,Yes
TPIN1000000820,2025-03-14,Yes,Yes,125634,Active,5,Yes
TPIN1000000821,2025-09-16,Yes,Yes,352888,Active,8,Yes
TPIN1000000822,2025-04-20,Yes,Yes,431043,Active,9,Yes
TPIN1000000823,2025-05-30,Yes,Yes,33019,Active,10,Yes
TPIN1000000824,2025-05-31,Yes,Yes,156958,Active,8,Yes
TPIN1000000825,2024-11-26,Yes,Yes,161475,Active,6,Yes
TPIN1000000826,2025-03-01,Yes,Yes,341858,Active,2,Yes
TPIN1000000827,2024-12-31,Yes,Yes,481184,Active,1,Yes
TPIN1000000828,2025-05-02,Yes,Yes,794872,Active,6,Yes
TPIN1000000829,2025-03-25,Yes,Yes,665726,Active,10,Yes
TPIN1000000830,2025-08-22,Yes,Yes,117556,Active,10,Yes
TPIN1000000831,2025-01-22,Yes,Yes,776557,Active,3,Yes
TPIN1000000832,2025-04-30,Yes,Yes,698946,Active,5,Yes
TPIN1000000833,2025-05-16,Yes,Yes,275983,Active,3,Yes
TPIN1000000834,2025-04-15,Yes,Yes,58891,Active,9,Yes
TPIN1000000835,2024-11-13,Yes,Yes,412521,Active,9,Yes
TPIN1000000836,2025-09-17,Yes,Yes,334101,Active,6,Yes
TPIN1000000837,2025-05-23,Yes,Yes,205558,Active,9,Yes
TPIN1000000838,2024-11-03,Yes,Yes,951402,Active,8,Yes
TPIN1000000839,2025-03-14,Yes,Yes,242486,Active,5,Yes
TPIN1000000840,2025-10-07,Yes,Yes,309981,Active,2,Yes
TPIN1000000841,2024-10-22,Yes,Yes,710015,Active,6,Yes
TPIN1000000842,2025-04-14,Yes,Yes,535574,Active,5,Yes
TPIN1000000843,2025-05-28,Yes,Yes,189047,Active,4,Yes
TPIN1000000844,2025-05-01,Yes,Yes,862640,Active,8,Yes
TPIN1000000845,2024-12-18,Yes,Yes,548610,Active,6,Yes
TPIN1000000846,2025-09-06,Yes,Yes,75297,Active,7,Yes
TPIN1000000847,2025-07-19,Yes,Yes,694511,Active,8,Yes
TPIN1000000848,2024-11-16,Yes,Yes,159550,Active,8,Yes
TPIN1000000849,2025-06-27,Yes,Yes,142507,Active,6,Yes
TPIN1000000850,2025-07-03,Yes,Yes,571474,Active,7,Yes
TPIN1000000851,2024-11-09,Yes,Yes,251275,Active,3,Yes
TPIN1000000852,2024-11-02,Yes,Yes,449789,Active,5,Yes
TPIN1000000853,2024-11-22,Yes,Yes,111420,Active,5,Yes
TPIN1000000854,2025-07-14,Yes,Yes,409283,Active,4,Yes
TPIN1000000855,2025-05-02,Yes,Yes,665674,Active,9,Yes
TPIN1000000856,2025-08-25,Yes,Yes,763307,Active,8,Yes
TPIN1000000857,2025-02-12,Yes,Yes,42637,Active,7,Yes
TPIN1000000858,2025-04-24,Yes,Yes,997528,Active,5,Yes
TPIN1000000859,2025-09-02,Yes,Yes,514006,Active,2,Yes
TPIN1000000860,2025-04-26,Yes,Yes,588359,Active,10,Yes
TPIN1000000861,2025-04-06,Yes,Yes,847681,Active,4,Yes
TPIN1000000862,2024-12-30,Yes,Yes,632928,Active,9,Yes
TPIN1000000863,2025-06-23,Yes,Yes,166730,Active,9,Yes
TPIN1000000864,2025-02-02,Yes,Yes,69064,Active,6,Yes
TPIN1000000865,2025-06-03,Yes,Yes,703600,Active,9,Yes
TPIN1000000866,2025-04-07,Yes,Yes,458971,Active,5,Yes
TPIN1000000867,2025-02-23,Yes,Yes,283487,Active,4,Yes
TPIN1000000868,2025-07-25,Yes,Yes,324155,Active,9,Yes
TPIN1000000869,2025-06-10,Yes,Yes,331415,Active,8,Yes
TPIN1000000870,2024-11-12,Yes,Yes,35185,Active,4,Yes
TPIN1000000871,2024-12-15,Yes,Yes,888179,Active,6,Yes
TPIN1000000872,2025-02-28,Yes,Yes,381501,Active,8,Yes
TPIN1000000873,2025-03-29,Yes,Yes,686290,Active,6,Yes
TPIN1000000874,2025-06-28,Yes,Yes,966218,Active,2,Yes
TPIN1000000875,2024-12-30,Yes,Yes,103079,Active,3,Yes
TPIN1000000876,2025-03-03,Yes,Yes,140001,Active,3,Yes
TPIN1000000877,2025-02-21,Yes,Yes,315375,Active,4,Yes
TPIN1000000878,2025-02-19,Yes,Yes,252546,Active,2,Yes
TPIN1000000879,2025-03-04,Yes,Yes,158445,Active,10,Yes
TPIN1000000880,2025-10-02,Yes,Yes,789211,Active,4,Yes
TPIN1000000881,2025-08-18,Yes,Yes,249150,Active,5,Yes
TPIN1000000882,2025-01-19,Yes,Yes,295735,Active,6,Yes
TPIN1000000883,2025-01-09,Yes,Yes,432751,Active,10,Yes
TPIN1000000884,2025-08-06,Yes,Yes,714297,Active,7,Yes
TPIN1000000885,2025-07-14,Yes,Yes,829367,Active,6,Yes
TPIN1000000886,2025-03-13,Yes,Yes,367628,Active,2,Yes
TPIN1000000887,2025-06-06,Yes,Yes,380486,Active,7,Yes
TPIN1000000888,2025-09-12,Yes,Yes,184708,Active,4,Yes
TPIN1000000889,2024-12-02,Yes,Yes,177795,Active,7,Yes
TPIN1000000890,2025-05-27,Yes,Yes,391037,Active,10,Yes
TPIN1000000891,2024-11-21,Yes,Yes,184372,Active,7,Yes
TPIN1000000892,2025-05-05,Yes,Yes,371908,Active,5,Yes
TPIN1000000893,2024-11-03,Yes,Yes,570127,Active,5,Yes
TPIN1000000894,2025-05-18,Yes,Yes,150529,Active,5,Yes
TPIN1000000895,2025-05-11,Yes,Yes,57245,Active,10,Yes
TPIN1000000896,2025-09-11,Yes,Yes,797022,Active,2,Yes
TPIN1000000897,2025-05-07,Yes,Yes,381539,Active,4,Yes
TPIN1000000898,2025-03-28,Yes,Yes,726130,Active,7,Yes
TPIN1000000899,2025-09-18,Yes,Yes,843423,Active,4,Yes
TPIN1000000900,2024-10-12,Yes,Yes,691638,Active,4,Yes
TPIN1000000901,2025-01-31,Yes,Yes,983492,Active,2,Yes
TPIN1000000902,2025-01-23,Yes,Yes,588639,Active,4,Yes
TPIN1000000903,2025-01-15,Yes,Yes,107385,Active,2,Yes
TPIN1000000904,2025-01-01,Yes,Yes,77317,Active,1,Yes
TPIN1000000905,2024-11-03,Yes,Yes,46898,Active,5,Yes
TPIN1000000906,2025-05-24,Yes,Yes,559492,Active,9,Yes
TPIN1000000907,2024-10-24,Yes,Yes,406293,Active,5,Yes
TPIN1000000908,2024-12-05,Yes,Yes,161760,Active,10,Yes
TPIN1000000909,2025-06-08,Yes,Yes,805787,Active,8,Yes
TPIN1000000910,2024-12-21,Yes,Yes,487411,Active,4,Yes
TPIN1000000911,2025-05-01,Yes,Yes,560303,Active,6,Yes
TPIN1000000912,2025-01-30,Yes,Yes,825819,Active,7,Yes
TPIN1000000913,2024-12-25,Yes,Yes,871734,Active,4,Yes
TPIN1000000914,2025-02-06,Yes,Yes,452698,Active,3,Yes
TPIN1000000915,2025-05-05,Yes,Yes,518590,Active,8,Yes
TPIN1000000916,2025-09-06,Yes,Yes,728308,Active,2,Yes
TPIN1000000917,2025-09-19,Yes,Yes,219932,Active,8,Yes
TPIN1000000918,2024-11-05,Yes,Yes,774304,Active,9,Yes
TPIN1000000919,2025-03-19,Yes,Yes,265487,Active,6,Yes
TPIN1000000920,2024-11-15,Yes,Yes,676617,Active,3,Yes
TPIN1000000921,2025-02-08,Yes,Yes,420758,Active,2,Yes
TPIN1000000922,2025-05-19,Yes,Yes,537720,Active,2,Yes
TPIN1000000923,2025-02-09,Yes,Yes,825468,Active,9,Yes
TPIN1000000924,2024-12-31,Yes,Yes,1005087,Active,3,Yes
TPIN1000000925,2025-07-06,Yes,Yes,904539,Active,5,Yes
TPIN1000000926,2025-08-19,Yes,Yes,370876,Active,7,Yes
TPIN1000000927,2024-11-06,Yes,Yes,973589,Active,7,Yes
TPIN1000000928,2025-04-15,Yes,Yes,835013,Active,2,Yes
TPIN1000000929,2025-05-20,Yes,Yes,660215,Active,1,Yes
TPIN1000000930,2025-04-15,Yes,Yes,395937,Active,8,Yes
TPIN1000000931,2025-08-07,Yes,Yes,357626,Active,2,Yes
TPIN1000000932,2025-01-17,Yes,Yes,28601,Active,10,Yes
TPIN1000000933,2024-12-06,Yes,Yes,918014,Active,7,Yes
TPIN1000000934,2025-07-02,Yes,Yes,718478,Active,10,Yes
TPIN1000000935,2025-01-03,Yes,Yes,365078,Active,7,Yes
TPIN1000000936,2024-11-07,Yes,Yes,410467,Active,7,Yes
TPIN1000000937,2024-11-14,Yes,Yes,485313,Active,10,Yes
TPIN1000000938,2025-09-23,Yes,Yes,16038,Active,6,Yes
TPIN1000000939,2025-01-18,Yes,Yes,692250,Active,2,Yes
TPIN1000000940,2025-05-25,Yes,Yes,93617,Active,8,Yes
TPIN1000000941,2025-01-10,Yes,Yes,426825,Active,8,Yes
TPIN1000000942,2024-11-27,Yes,Yes,966440,Active,5,Yes
TPIN1000000943,2025-01-05,Yes,Yes,1007642,Active,3,Yes
TPIN1000000944,2025-07-03,Yes,Yes,961428,Active,8,Yes
TPIN1000000945,2025-03-07,Yes,Yes,628273,Active,9,Yes
TPIN1000000946,2025-01-01,Yes,Yes,951083,Active,4,Yes
TPIN1000000947,2025-04-03,Yes,Yes,158275,Active,8,Yes
TPIN1000000948,2025-04-09,Yes,Yes,440138,Active,4,Yes
TPIN1000000949,2024-11-09,Yes,Yes,317867,Active,4,Yes
TPIN1000000950,2025-06-13,Yes,Yes,879157,Active,5,Yes
TPIN1000000951,2025-05-13,Yes,Yes,376772,Active,7,Yes
TPIN1000000952,2025-05-20,Yes,Yes,276247,Active,3,Yes
TPIN1000000953,2024-12-23,Yes,Yes,293681,Active,10,Yes
TPIN1000000954,2025-06-12,Yes,Yes,44161,Active,3,Yes
TPIN1000000955,2025-07-13,Yes,Yes,424651,Active,5,Yes
TPIN1000000956,2025-03-10,Yes,Yes,880296,Active,3,Yes
TPIN1000000957,2025-04-20,Yes,Yes,83651,Active,5,Yes
TPIN1000000958,2024-11-12,Yes,Yes,824824,Active,6,Yes
TPIN1000000959,2025-03-02,Yes,Yes,88238,Active,5,Yes
TPIN1000000960,2025-02-23,Yes,Yes,837897,Active,4,Yes
TPIN1000000961,2025-03-14,Yes,Yes,835731,Active,2,Yes
TPIN1000000962,2024-12-09,Yes,Yes,304426,Active,9,Yes
TPIN1000000963,2025-06-20,Yes,Yes,568502,Active,8,Yes
TPIN1000000964,2025-01-15,Yes,Yes,747728,Active,5,Yes
TPIN1000000965,2025-07-23,Yes,Yes,266366,Active,8,Yes
TPIN1000000966,2024-11-16,Yes,Yes,336467,Active,3,Yes
TPIN1000000967,2025-09-06,Yes,Yes,653451,Active,2,Yes
TPIN1000000968,2024-11-26,Yes,Yes,522402,Active,10,Yes
TPIN1000000969,2025-06-14,Yes,Yes,549953,Active,8,Yes
TPIN1000000970,2024-11-19,Yes,Yes,891142,Active,9,Yes
TPIN1000000971,2025-01-23,Yes,Yes,981526,Active,3,Yes
TPIN1000000972,2025-04-10,Yes,Yes,619457,Active,9,Yes
TPIN1000000973,2025-05-26,Yes,Yes,416538,Active,7,Yes
TPIN1000000974,2024-11-11,Yes,Yes,151575,Active,7,Yes
TPIN1000000975,2024-10-24,Yes,Yes,977046,Active,7,Yes
TPIN1000000976,2025-01-26,Yes,Yes,125752,Active,4,Yes
TPIN1000000977,2025-05-17,Yes,Yes,400871,Active,6,Yes
TPIN1000000978,2025-03-27,Yes,Yes,902943,Active,5,Yes
TPIN1000000979,2025-06-17,Yes,Yes,929023,Active,3,Yes
TPIN1000000980,2024-11-17,Yes,Yes,693020,Active,9,Yes
TPIN1000000981,2025-08-04,Yes,Yes,853795,Active,5,Yes
TPIN1000000982,2025-01-30,Yes,Yes,630215,Active,4,Yes
TPIN1000000983,2025-03-27,Yes,Yes,314603,Active,3,Yes
TPIN1000000984,2024-11-27,Yes,Yes,395892,Active,4,Yes
TPIN1000000985,2025-01-06,Yes,Yes,680354,Active,8,Yes
TPIN1000000986,2025-01-21,Yes,Yes,341001,Active,8,Yes
TPIN1000000987,2025-04-20,Yes,Yes,227047,Active,3,Yes
TPIN1000000988,2025-06-06,Yes,Yes,24264,Active,3,Yes
TPIN1000000989,2025-04-16,Yes,Yes,163410,Active,9,Yes
TPIN1000000990,2024-11-07,Yes,Yes,440673,Active,2,Yes
TPIN1000000991,2024-12-03,Yes,Yes,92696,Active,3,Yes
TPIN1000000992,2025-09-09,Yes,Yes,116800,Active,5,Yes
TPIN1000000993,2025-04-18,Yes,Yes,267858,Active,5,Yes
TPIN1000000994,2024-11-24,Yes,Yes,933702,Active,4,Yes
TPIN1000000995,2025-03-10,Yes,Yes,433395,Active,6,Yes
TPIN1000000996,2025-04-29,Yes,Yes,612882,Active,5,Yes
TPIN1000000997,2025-03-05,Yes,Yes,616294,Active,2,Yes
TPIN1000000998,2025-01-31,Yes,Yes,585511,Active,5,Yes
TPIN1000000999,2024-10-10,Yes,Yes,520314,Active,5,Yes