claim_id,taxpayer_id,audit_result,fraud_type,amount_disallowed,audit_date,fraud_confidence
CLM00010000,TPIN1000000000,Fraud,Inflated Input VAT,5310,2024-03-05,89
CLM00010001,TPIN1000000001,Fraud,Circular Trading,6243,2024-12-14,89
CLM00010002,TPIN1000000002,Fraud,Ghost Invoices,8489,2024-08-04,97
CLM00010003,TPIN1000000003,Fraud,Ghost Invoices,20613,2024-02-14,76
CLM00010004,TPIN1000000004,Fraud,Missing Trader,454,2024-03-20,85
CLM00010005,TPIN1000000005,Fraud,Circular Trading,9220,2024-08-10,84
CLM00010006,TPIN1000000006,Fraud,Missing Trader,3136,2024-12-21,84
CLM00010007,TPIN1000000007,Fraud,Export Fraud,5110,2024-03-08,80
CLM00010008,TPIN1000000008,Fraud,Non-existent Transactions,2216,2024-11-18,81
CLM00010009,TPIN1000000009,Fraud,Fictitious Supplier,603,2024-03-31,86
CLM00010010,TPIN1000000010,Fraud,Fictitious Supplier,3408,2024-12-10,87
CLM00010011,TPIN1000000011,Fraud,Non-existent Transactions,7295,2024-06-24,100
CLM00010012,TPIN1000000012,Fraud,Circular Trading,7845,2024-10-30,76
CLM00010013,TPIN1000000013,Fraud,Export Fraud,4674,2024-05-06,86
CLM00010014,TPIN1000000014,Fraud,Non-existent Transactions,1805,2024-10-17,93
CLM00010015,TPIN1000000015,Fraud,Inflated Input VAT,166,2024-11-13,77
CLM00010016,TPIN1000000016,Fraud,Export Fraud,4901,2024-08-31,99
CLM00010017,TPIN1000000017,Fraud,Inflated Input VAT,3067,2024-11-07,72
CLM00010018,TPIN1000000018,Fraud,Inflated Input VAT,3327,2024-08-08,93
CLM00010019,TPIN1000000019,Fraud,Fictitious Supplier,257,2024-07-31,84
CLM00010020,TPIN1000000020,Fraud,Inflated Input VAT,12442,2024-02-14,92
CLM00010021,TPIN1000000021,Fraud,Fictitious Supplier,6728,2024-12-20,79
CLM00010022,TPIN1000000022,Fraud,Inflated Input VAT,432,2024-10-11,79
CLM00010023,TPIN1000000023,Fraud,Inflated Input VAT,11204,2024-09-02,92
CLM00010024,TPIN1000000024,Fraud,Circular Trading,496,2024-08-08,78
CLM00010025,TPIN1000000025,Fraud,Export Fraud,1966,2024-01-30,94
CLM00010026,TPIN1000000026,Fraud,Export Fraud,11936,2024-04-03,97
CLM00010027,TPIN1000000027,Fraud,Fictitious Supplier,1012,2024-07-13,96
CLM00010028,TPIN1000000028,Fraud,Inflated Input VAT,2300,2024-03-03,79
CLM00010029,TPIN1000000029,Fraud,Fictitious Supplier,511,2024-04-23,96
CLM00010030,TPIN1000000030,Fraud,Export Fraud,5474,2024-08-20,73
CLM00010031,TPIN1000000031,Fraud,Missing Trader,412,2024-10-25,84
CLM00010032,TPIN1000000032,Fraud,Fictitious Supplier,1450,2024-07-21,74
CLM00010033,TPIN1000000033,Fraud,Missing Trader,729,2024-05-08,72
CLM00010034,TPIN1000000034,Fraud,Non-existent Transactions,3498,2024-07-30,74
CLM00010035,TPIN1000000035,Fraud,Inflated Input VAT,2550,2024-06-17,100
CLM00010036,TPIN1000000036,Fraud,Missing Trader,11082,2024-12-23,74
CLM00010037,TPIN1000000037,Fraud,Ghost Invoices,6305,2024-08-23,76
CLM00010038,TPIN1000000038,Fraud,Missing Trader,8512,2024-07-26,90
CLM00010039,TPIN1000000039,Fraud,Non-existent Transactions,788,2024-03-20,86
CLM00010040,TPIN1000000040,Fraud,Circular Trading,1765,2024-02-20,83
CLM00010041,TPIN1000000041,Fraud,Inflated Input VAT,3407,2024-10-15,81
CLM00010042,TPIN1000000042,Fraud,Inflated Input VAT,9375,2024-12-20,73
CLM00010043,TPIN1000000043,Fraud,Fictitious Supplier,1779,2024-11-18,94
CLM00010044,TPIN1000000044,Fraud,Ghost Invoices,4084,2024-03-13,71
CLM00010045,TPIN1000000045,Fraud,Circular Trading,6042,2024-05-09,82
CLM00010046,TPIN1000000046,Fraud,Export Fraud,3052,2024-02-24,94
CLM00010047,TPIN1000000047,Fraud,Circular Trading,10125,2024-08-19,73
CLM00010048,TPIN1000000048,Fraud,Circular Trading,2496,2024-06-10,72
CLM00010049,TPIN1000000049,Fraud,Missing Trader,16236,2024-10-09,91
CLM00010050,TPIN1000000050,Fraud,Ghost Invoices,1456,2024-07-14,78
CLM00010051,TPIN1000000051,Fraud,Inflated Input VAT,8185,2024-03-05,78
CLM00010052,TPIN1000000052,Fraud,Inflated Input VAT,5422,2024-06-12,86
CLM00010053,TPIN1000000053,Fraud,Export Fraud,653,2024-02-12,89
CLM00010054,TPIN1000000054,Fraud,Inflated Input VAT,1579,2024-10-12,84
CLM00010055,TPIN1000000055,Fraud,Non-existent Transactions,10629,2024-11-20,73
CLM00010056,TPIN1000000056,Fraud,Ghost Invoices,680,2024-07-29,96
CLM00010057,TPIN1000000057,Fraud,Non-existent Transactions,47,2024-02-20,81
CLM00010058,TPIN1000000058,Fraud,Fictitious Supplier,1404,2024-11-24,89
CLM00010059,TPIN1000000059,Fraud,Missing Trader,751,2024-10-02,88
CLM00010060,TPIN1000000060,Fraud,Inflated Input VAT,10151,2024-10-20,86
CLM00010061,TPIN1000000061,Fraud,Circular Trading,6442,2024-02-17,96
CLM00010062,TPIN1000000062,Fraud,Circular Trading,5904,2024-12-05,96
CLM00010063,TPIN1000000063,Fraud,Fictitious Supplier,653,2024-09-13,73
CLM00010064,TPIN1000000064,Fraud,Missing Trader,1386,2024-05-11,99
CLM00010065,TPIN1000000065,Fraud,Ghost Invoices,4127,2024-11-18,77
CLM00010066,TPIN1000000066,Fraud,Non-existent Transactions,1125,2025-01-09,72
CLM00010067,TPIN1000000067,Fraud,Inflated Input VAT,2457,2025-01-20,91
CLM00010068,TPIN1000000068,Fraud,Fictitious Supplier,2816,2024-04-01,85
CLM00010069,TPIN1000000069,Fraud,Circular Trading,4115,2024-06-04,85
CLM00010070,TPIN1000000070,Fraud,Inflated Input VAT,1800,2024-06-18,71
CLM00010071,TPIN1000000071,Fraud,Non-existent Transactions,6344,2024-08-18,79
CLM00010072,TPIN1000000072,Fraud,Export Fraud,6551,2024-11-04,96
CLM00010073,TPIN1000000073,Fraud,Export Fraud,14247,2024-07-21,92
CLM00010074,TPIN1000000074,Fraud,Inflated Input VAT,5095,2024-07-25,87
CLM00010075,TPIN1000000075,Fraud,Fictitious Supplier,17098,2024-10-08,83
CLM00010076,TPIN1000000076,Fraud,Ghost Invoices,1887,2024-04-09,75
CLM00010077,TPIN1000000077,Fraud,Export Fraud,239,2024-09-30,74
CLM00010078,TPIN1000000078,Fraud,Non-existent Transactions,1621,2024-03-07,74
CLM00010079,TPIN1000000079,Fraud,Inflated Input VAT,5962,2024-12-18,72
CLM00010080,TPIN1000000080,Fraud,Inflated Input VAT,1321,2024-10-15,78
CLM00010081,TPIN1000000081,Fraud,Non-existent Transactions,2300,2024-12-26,78
CLM00010082,TPIN1000000082,Fraud,Ghost Invoices,1901,2024-04-24,86
CLM00010083,TPIN1000000083,Fraud,Circular Trading,3075,2025-01-23,83
CLM00010084,TPIN1000000084,Fraud,Circular Trading,470,2024-07-21,96
CLM00010085,TPIN1000000085,Fraud,Export Fraud,929,2024-10-30,74
CLM00010086,TPIN1000000086,Fraud,Export Fraud,3283,2024-04-02,84
CLM00010087,TPIN1000000087,Fraud,Fictitious Supplier,2405,2024-03-25,88
CLM00010088,TPIN1000000088,Fraud,Non-existent Transactions,2667,2024-02-11,89
CLM00010089,TPIN1000000089,Fraud,Circular Trading,488,2024-07-29,70
CLM00010090,TPIN1000000090,Fraud,Export Fraud,1354,2024-10-13,75
CLM00010091,TPIN1000000091,Fraud,Non-existent Transactions,9536,2025-01-14,95
CLM00010092,TPIN1000000092,Fraud,Ghost Invoices,11026,2024-05-08,84
CLM00010093,TPIN1000000093,Fraud,Fictitious Supplier,2019,2025-01-03,82
CLM00010094,TPIN1000000094,Fraud,Export Fraud,7802,2024-12-31,79
CLM00010095,TPIN1000000095,Fraud,Inflated Input VAT,10721,2024-02-04,100
CLM00010096,TPIN1000000096,Fraud,Circular Trading,6685,2024-05-21,94
CLM00010097,TPIN1000000097,Fraud,Inflated Input VAT,10093,2024-04-12,99
CLM00010098,TPIN1000000098,Fraud,Export Fraud,9078,2024-08-19,88
CLM00010099,TPIN1000000099,Fraud,Export Fraud,11879,2025-01-04,84
CLM00010100,TPIN1000000100,Fraud,Inflated Input VAT,4599,2024-02-12,83
CLM00010101,TPIN1000000101,Fraud,Fictitious Supplier,434,2024-03-23,95
CLM00010102,TPIN1000000102,Fraud,Ghost Invoices,1491,2024-03-03,82
CLM00010103,TPIN1000000103,Fraud,Export Fraud,6972,2024-11-22,83
CLM00010104,TPIN1000000104,Fraud,Circular Trading,1220,2024-12-04,75
CLM00010105,TPIN1000000105,Fraud,Missing Trader,334,2024-02-24,78
CLM00010106,TPIN1000000106,Fraud,Export Fraud,4583,2024-05-31,71
CLM00010107,TPIN1000000107,Fraud,Inflated Input VAT,1697,2024-04-25,72
CLM00010108,TPIN1000000108,Fraud,Missing Trader,1223,2024-06-09,98
CLM00010109,TPIN1000000109,Fraud,Fictitious Supplier,7615,2024-11-19,83
CLM00010110,TPIN1000000110,Fraud,Export Fraud,1044,2024-07-03,74
CLM00010111,TPIN1000000111,Fraud,Fictitious Supplier,2855,2024-12-02,73
CLM00010112,TPIN1000000112,Fraud,Missing Trader,1833,2024-10-16,73
CLM00010113,TPIN1000000113,Fraud,Non-existent Transactions,5873,2024-11-12,99
CLM00010114,TPIN1000000114,Fraud,Non-existent Transactions,1478,2024-04-17,88
CLM00010115,TPIN1000000115,Fraud,Export Fraud,92,2024-12-07,83
CLM00010116,TPIN1000000116,Fraud,Non-existent Transactions,1109,2024-07-29,92
CLM00010117,TPIN1000000117,Fraud,Circular Trading,2113,2024-08-20,72
CLM00010118,TPIN1000000118,Fraud,Fictitious Supplier,4703,2024-10-07,91
CLM00010119,TPIN1000000119,Fraud,Missing Trader,13382,2024-09-25,88
CLM00010120,TPIN1000000120,Fraud,Fictitious Supplier,580,2024-07-22,88
CLM00010121,TPIN1000000121,Fraud,Inflated Input VAT,525,2024-09-02,96
CLM00010122,TPIN1000000122,Fraud,Non-existent Transactions,680,2024-02-05,70
CLM00010123,TPIN1000000123,Fraud,Inflated Input VAT,1410,2024-08-11,87
CLM00010124,TPIN1000000124,Fraud,Circular Trading,9524,2024-12-23,74
CLM00010125,TPIN1000000125,Fraud,Ghost Invoices,14308,2024-08-17,74
CLM00010126,TPIN1000000126,Fraud,Non-existent Transactions,2180,2024-11-14,79
CLM00010127,TPIN1000000127,Fraud,Fictitious Supplier,4088,2024-12-20,87
CLM00010128,TPIN1000000128,Fraud,Ghost Invoices,2855,2024-09-16,84
CLM00010129,TPIN1000000129,Fraud,Export Fraud,5605,2024-03-17,72
CLM00010130,TPIN1000000130,Fraud,Export Fraud,40,2024-02-13,86
CLM00010131,TPIN1000000131,Fraud,Non-existent Transactions,15477,2024-10-06,91
CLM00010132,TPIN1000000132,Fraud,Missing Trader,5287,2024-03-15,98
CLM00010133,TPIN1000000133,Fraud,Export Fraud,7757,2024-04-24,97
CLM00010134,TPIN1000000134,Fraud,Export Fraud,3814,2024-04-05,89
CLM00010135,TPIN1000000135,Fraud,Ghost Invoices,4846,2024-11-05,99
CLM00010136,TPIN1000000136,Fraud,Missing Trader,825,2024-11-15,75
CLM00010137,TPIN1000000137,Fraud,Ghost Invoices,13073,2024-02-01,74
CLM00010138,TPIN1000000138,Fraud,Ghost Invoices,8517,2024-07-07,80
CLM00010139,TPIN1000000139,Fraud,Export Fraud,2931,2024-05-30,94
CLM00010140,TPIN1000000140,Fraud,Inflated Input VAT,1746,2024-07-01,93
CLM00010141,TPIN1000000141,Fraud,Export Fraud,8060,2025-01-03,71
CLM00010142,TPIN1000000142,Fraud,Missing Trader,1145,2024-05-30,96
CLM00010143,TPIN1000000143,Fraud,Inflated Input VAT,6110,2024-05-08,73
CLM00010144,TPIN1000000144,Fraud,Export Fraud,1780,2024-06-23,71
CLM00010145,TPIN1000000145,Fraud,Circular Trading,523,2024-10-01,97
CLM00010146,TPIN1000000146,Fraud,Fictitious Supplier,2418,2024-04-02,75
CLM00010147,TPIN1000000147,Fraud,Inflated Input VAT,6849,2025-01-22,100
CLM00010148,TPIN1000000148,Fraud,Export Fraud,3970,2024-08-08,74
CLM00010149,TPIN1000000149,Fraud,Missing Trader,1894,2025-01-01,95
CLM00010150,TPIN1000000150,Legitimate,N/A,0,2024-03-31,10
CLM00010151,TPIN1000000151,Legitimate,N/A,0,2024-03-10,6
CLM00010152,TPIN1000000152,Legitimate,N/A,0,2024-05-30,12
CLM00010153,TPIN1000000153,Legitimate,N/A,0,2024-08-25,16
CLM00010154,TPIN1000000154,Legitimate,N/A,0,2024-02-08,10
CLM00010155,TPIN1000000155,Legitimate,N/A,0,2024-05-16,11
CLM00010156,TPIN1000000156,Legitimate,N/A,0,2024-06-29,16
CLM00010157,TPIN1000000157,Legitimate,N/A,0,2024-04-23,19
CLM00010158,TPIN1000000158,Legitimate,N/A,0,2024-03-11,7
CLM00010159,TPIN1000000159,Legitimate,N/A,0,2024-06-12,18
CLM00010160,TPIN1000000160,Legitimate,N/A,0,2024-05-25,19
CLM00010161,TPIN1000000161,Legitimate,N/A,0,2024-03-21,19
CLM00010162,TPIN1000000162,Legitimate,N/A,0,2024-10-29,21
CLM00010163,TPIN1000000163,Legitimate,N/A,0,2025-01-21,24
CLM00010164,TPIN1000000164,Legitimate,N/A,0,2024-04-30,13
CLM00010165,TPIN1000000165,Legitimate,N/A,0,2024-08-15,5
CLM00010166,TPIN1000000166,Legitimate,N/A,0,2024-12-11,16
CLM00010167,TPIN1000000167,Legitimate,N/A,0,2024-08-20,25
CLM00010168,TPIN1000000168,Legitimate,N/A,0,2024-07-19,22
CLM00010169,TPIN1000000169,Legitimate,N/A,0,2024-08-01,18
CLM00010170,TPIN1000000170,Legitimate,N/A,0,2024-06-02,21
CLM00010171,TPIN1000000171,Legitimate,N/A,0,2024-11-10,22
CLM00010172,TPIN1000000172,Legitimate,N/A,0,2024-05-24,9
CLM00010173,TPIN1000000173,Legitimate,N/A,0,2024-09-01,16
CLM00010174,TPIN1000000174,Legitimate,N/A,0,2024-02-16,5
CLM00010175,TPIN1000000175,Legitimate,N/A,0,2024-11-22,9
CLM00010176,TPIN1000000176,Legitimate,N/A,0,2024-12-30,14
CLM00010177,TPIN1000000177,Legitimate,N/A,0,2024-09-06,19
CLM00010178,TPIN1000000178,Legitimate,N/A,0,2024-10-24,15
CLM00010179,TPIN1000000179,Legitimate,N/A,0,2024-08-31,23
CLM00010180,TPIN1000000180,Legitimate,N/A,0,2024-12-29,7
CLM00010181,TPIN1000000181,Legitimate,N/A,0,2024-03-13,17
CLM00010182,TPIN1000000182,Legitimate,N/A,0,2024-11-25,6
CLM00010183,TPIN1000000183,Legitimate,N/A,0,2025-01-16,24
CLM00010184,TPIN1000000184,Legitimate,N/A,0,2024-04-02,16
CLM00010185,TPIN1000000185,Legitimate,N/A,0,2024-03-25,6
CLM00010186,TPIN1000000186,Legitimate,N/A,0,2024-10-12,11
CLM00010187,TPIN1000000187,Legitimate,N/A,0,2024-06-15,13
CLM00010188,TPIN1000000188,Legitimate,N/A,0,2024-02-14,14
CLM00010189,TPIN1000000189,Legitimate,N/A,0,2024-10-30,10
CLM00010190,TPIN1000000190,Legitimate,N/A,0,2024-03-18,15
CLM00010191,TPIN1000000191,Legitimate,N/A,0,2024-10-17,6
CLM00010192,TPIN1000000192,Legitimate,N/A,0,2024-12-23,12
CLM00010193,TPIN1000000193,Legitimate,N/A,0,2024-08-14,19
CLM00010194,TPIN1000000194,Legitimate,N/A,0,2024-08-08,10
CLM00010195,TPIN1000000195,Legitimate,N/A,0,2024-10-08,10
CLM00010196,TPIN1000000196,Legitimate,N/A,0,2024-05-07,12
CLM00010197,TPIN1000000197,Legitimate,N/A,0,2025-01-23,11
CLM00010198,TPIN1000000198,Legitimate,N/A,0,2024-10-10,8
CLM00010199,TPIN1000000199,Legitimate,N/A,0,2024-08-24,15
CLM00010200,TPIN1000000200,Legitimate,N/A,0,2024-11-10,12
CLM00010201,TPIN1000000201,Legitimate,N/A,0,2024-11-20,10
CLM00010202,TPIN1000000202,Legitimate,N/A,0,2024-11-22,22
CLM00010203,TPIN1000000203,Legitimate,N/A,0,2024-08-31,13
CLM00010204,TPIN1000000204,Legitimate,N/A,0,2024-05-09,18
CLM00010205,TPIN1000000205,Legitimate,N/A,0,2024-06-21,24
CLM00010206,TPIN1000000206,Legitimate,N/A,0,2024-04-10,19
CLM00010207,TPIN1000000207,Legitimate,N/A,0,2024-09-01,15
CLM00010208,TPIN1000000208,Legitimate,N/A,0,2024-03-29,10
CLM00010209,TPIN1000000209,Legitimate,N/A,0,2024-08-31,14
CLM00010210,TPIN1000000210,Legitimate,N/A,0,2024-02-11,19
CLM00010211,TPIN1000000211,Legitimate,N/A,0,2024-05-26,20
CLM00010212,TPIN1000000212,Legitimate,N/A,0,2025-01-20,16
CLM00010213,TPIN1000000213,Legitimate,N/A,0,2024-08-25,8
CLM00010214,TPIN1000000214,Legitimate,N/A,0,2024-10-10,16
CLM00010215,TPIN1000000215,Legitimate,N/A,0,2024-12-18,16
CLM00010216,TPIN1000000216,Legitimate,N/A,0,2024-07-31,14
CLM00010217,TPIN1000000217,Legitimate,N/A,0,2024-01-30,10
CLM00010218,TPIN1000000218,Legitimate,N/A,0,2024-09-15,12
CLM00010219,TPIN1000000219,Legitimate,N/A,0,2024-05-02,13
CLM00010220,TPIN1000000220,Legitimate,N/A,0,2024-06-04,17
CLM00010221,TPIN1000000221,Legitimate,N/A,0,2024-12-19,18
CLM00010222,TPIN1000000222,Legitimate,N/A,0,2024-08-12,9
CLM00010223,TPIN1000000223,Legitimate,N/A,0,2025-01-13,22
CLM00010224,TPIN1000000224,Legitimate,N/A,0,2024-10-06,8
CLM00010225,TPIN1000000225,Legitimate,N/A,0,2024-12-26,18
CLM00010226,TPIN1000000226,Legitimate,N/A,0,2024-09-24,15
CLM00010227,TPIN1000000227,Legitimate,N/A,0,2025-01-12,18
CLM00010228,TPIN1000000228,Legitimate,N/A,0,2024-09-11,10
CLM00010229,TPIN1000000229,Legitimate,N/A,0,2024-06-21,16
CLM00010230,TPIN1000000230,Legitimate,N/A,0,2024-08-19,15
CLM00010231,TPIN1000000231,Legitimate,N/A,0,2024-05-09,6
CLM00010232,TPIN1000000232,Legitimate,N/A,0,2024-08-30,22
CLM00010233,TPIN1000000233,Legitimate,N/A,0,2024-11-30,14
CLM00010234,TPIN1000000234,Legitimate,N/A,0,2024-02-11,19
CLM00010235,TPIN1000000235,Legitimate,N/A,0,2024-04-22,18
CLM00010236,TPIN1000000236,Legitimate,N/A,0,2024-05-03,8
CLM00010237,TPIN1000000237,Legitimate,N/A,0,2024-04-29,13
CLM00010238,TPIN1000000238,Legitimate,N/A,0,2024-05-20,14
CLM00010239,TPIN1000000239,Legitimate,N/A,0,2024-02-24,23
CLM00010240,TPIN1000000240,Legitimate,N/A,0,2024-11-04,14
CLM00010241,TPIN1000000241,Legitimate,N/A,0,2024-02-03,11
CLM00010242,TPIN1000000242,Legitimate,N/A,0,2025-01-09,19
CLM00010243,TPIN1000000243,Legitimate,N/A,0,2025-01-17,5
CLM00010244,TPIN1000000244,Legitimate,N/A,0,2024-05-12,13
CLM00010245,TPIN1000000245,Legitimate,N/A,0,2024-04-01,10
CLM00010246,TPIN1000000246,Legitimate,N/A,0,2024-07-07,6
CLM00010247,TPIN1000000247,Legitimate,N/A,0,2024-02-23,9
CLM00010248,TPIN1000000248,Legitimate,N/A,0,2024-09-11,22
CLM00010249,TPIN1000000249,Legitimate,N/A,0,2025-01-16,24
CLM00010250,TPIN1000000250,Legitimate,N/A,0,2024-12-04,9
CLM00010251,TPIN1000000251,Legitimate,N/A,0,2024-01-30,9
CLM00010252,TPIN1000000252,Legitimate,N/A,0,2024-08-04,12
CLM00010253,TPIN1000000253,Legitimate,N/A,0,2024-10-30,6
CLM00010254,TPIN1000000254,Legitimate,N/A,0,2024-10-21,17
CLM00010255,TPIN1000000255,Legitimate,N/A,0,2025-01-15,8
CLM00010256,TPIN1000000256,Legitimate,N/A,0,2024-08-06,11
CLM00010257,TPIN1000000257,Legitimate,N/A,0,2024-04-04,8
CLM00010258,TPIN1000000258,Legitimate,N/A,0,2024-08-13,24
CLM00010259,TPIN1000000259,Legitimate,N/A,0,2024-12-16,19
CLM00010260,TPIN1000000260,Legitimate,N/A,0,2024-06-29,10
CLM00010261,TPIN1000000261,Legitimate,N/A,0,2024-09-24,13
CLM00010262,TPIN1000000262,Legitimate,N/A,0,2024-02-01,8
CLM00010263,TPIN1000000263,Legitimate,N/A,0,2024-03-18,20
CLM00010264,TPIN1000000264,Legitimate,N/A,0,2024-08-20,18
CLM00010265,TPIN1000000265,Legitimate,N/A,0,2024-04-30,7
CLM00010266,TPIN1000000266,Legitimate,N/A,0,2024-07-22,9
CLM00010267,TPIN1000000267,Legitimate,N/A,0,2024-12-23,6
CLM00010268,TPIN1000000268,Legitimate,N/A,0,2024-10-18,16
CLM00010269,TPIN1000000269,Legitimate,N/A,0,2024-06-29,15
CLM00010270,TPIN1000000270,Legitimate,N/A,0,2024-05-30,14
CLM00010271,TPIN1000000271,Legitimate,N/A,0,2024-06-04,17
CLM00010272,TPIN1000000272,Legitimate,N/A,0,2024-05-30,12
CLM00010273,TPIN1000000273,Legitimate,N/A,0,2024-09-14,10
CLM00010274,TPIN1000000274,Legitimate,N/A,0,2024-07-26,17
CLM00010275,TPIN1000000275,Legitimate,N/A,0,2024-09-08,6
CLM00010276,TPIN1000000276,Legitimate,N/A,0,2024-04-10,8
CLM00010277,TPIN1000000277,Legitimate,N/A,0,2024-07-12,6
CLM00010278,TPIN1000000278,Legitimate,N/A,0,2024-05-10,13
CLM00010279,TPIN1000000279,Legitimate,N/A,0,2025-01-03,21
CLM00010280,TPIN1000000280,Legitimate,N/A,0,2024-10-13,8
CLM00010281,TPIN1000000281,Legitimate,N/A,0,2024-11-22,25
CLM00010282,TPIN1000000282,Legitimate,N/A,0,2024-04-09,11
CLM00010283,TPIN1000000283,Legitimate,N/A,0,2024-03-13,8
CLM00010284,TPIN1000000284,Legitimate,N/A,0,2024-09-16,13
CLM00010285,TPIN1000000285,Legitimate,N/A,0,2024-11-17,14
CLM00010286,TPIN1000000286,Legitimate,N/A,0,2025-01-07,14
CLM00010287,TPIN1000000287,Legitimate,N/A,0,2024-11-20,5
CLM00010288,TPIN1000000288,Legitimate,N/A,0,2024-08-06,6
CLM00010289,TPIN1000000289,Legitimate,N/A,0,2024-05-02,7
CLM00010290,TPIN1000000290,Legitimate,N/A,0,2025-01-23,24
CLM00010291,TPIN1000000291,Legitimate,N/A,0,2024-12-29,20
CLM00010292,TPIN1000000292,Legitimate,N/A,0,2024-07-24,8
CLM00010293,TPIN1000000293,Legitimate,N/A,0,2024-07-06,12
CLM00010294,TPIN1000000294,Legitimate,N/A,0,2024-04-15,24
CLM00010295,TPIN1000000295,Legitimate,N/A,0,2024-11-12,13
CLM00010296,TPIN1000000296,Legitimate,N/A,0,2024-04-25,7
CLM00010297,TPIN1000000297,Legitimate,N/A,0,2025-01-24,10
CLM00010298,TPIN1000000298,Legitimate,N/A,0,2024-12-04,14
CLM00010299,TPIN1000000299,Legitimate,N/A,0,2024-02-06,6
CLM00010300,TPIN1000000300,Legitimate,N/A,0,2024-02-02,7
CLM00010301,TPIN1000000301,Legitimate,N/A,0,2024-02-12,19
CLM00010302,TPIN1000000302,Legitimate,N/A,0,2024-11-19,9
CLM00010303,TPIN1000000303,Legitimate,N/A,0,2024-04-10,6
CLM00010304,TPIN1000000304,Legitimate,N/A,0,2024-05-23,11
CLM00010305,TPIN1000000305,Legitimate,N/A,0,2024-10-20,24
CLM00010306,TPIN1000000306,Legitimate,N/A,0,2024-10-06,10
CLM00010307,TPIN1000000307,Legitimate,N/A,0,2025-01-15,18
CLM00010308,TPIN1000000308,Legitimate,N/A,0,2024-02-18,21
CLM00010309,TPIN1000000309,Legitimate,N/A,0,2024-06-01,18
CLM00010310,TPIN1000000310,Legitimate,N/A,0,2024-02-09,6
CLM00010311,TPIN1000000311,Legitimate,N/A,0,2024-08-17,18
CLM00010312,TPIN1000000312,Legitimate,N/A,0,2024-04-01,8
CLM00010313,TPIN1000000313,Legitimate,N/A,0,2024-06-10,21
CLM00010314,TPIN1000000314,Legitimate,N/A,0,2024-05-15,8
CLM00010315,TPIN1000000315,Legitimate,N/A,0,2024-12-11,19
CLM00010316,TPIN1000000316,Legitimate,N/A,0,2024-03-06,10
CLM00010317,TPIN1000000317,Legitimate,N/A,0,2024-05-30,19
CLM00010318,TPIN1000000318,Legitimate,N/A,0,2024-09-08,8
CLM00010319,TPIN1000000319,Legitimate,N/A,0,2024-04-05,17
CLM00010320,TPIN1000000320,Legitimate,N/A,0,2024-06-29,20
CLM00010321,TPIN1000000321,Legitimate,N/A,0,2024-06-24,12
CLM00010322,TPIN1000000322,Legitimate,N/A,0,2024-11-03,24
CLM00010323,TPIN1000000323,Legitimate,N/A,0,2024-06-02,16
CLM00010324,TPIN1000000324,Legitimate,N/A,0,2024-10-19,11
CLM00010325,TPIN1000000325,Legitimate,N/A,0,2024-05-02,23
CLM00010326,TPIN1000000326,Legitimate,N/A,0,2024-05-26,7
CLM00010327,TPIN1000000327,Legitimate,N/A,0,2024-05-10,11
CLM00010328,TPIN1000000328,Legitimate,N/A,0,2024-11-24,10
CLM00010329,TPIN1000000329,Legitimate,N/A,0,2024-07-26,19
CLM00010330,TPIN1000000330,Legitimate,N/A,0,2025-01-02,17
CLM00010331,TPIN1000000331,Legitimate,N/A,0,2024-05-17,21
CLM00010332,TPIN1000000332,Legitimate,N/A,0,2024-12-04,17
CLM00010333,TPIN1000000333,Legitimate,N/A,0,2024-11-19,12
CLM00010334,TPIN1000000334,Legitimate,N/A,0,2024-05-13,21
CLM00010335,TPIN1000000335,Legitimate,N/A,0,2024-10-11,7
CLM00010336,TPIN1000000336,Legitimate,N/A,0,2024-07-30,13
CLM00010337,TPIN1000000337,Legitimate,N/A,0,2024-07-19,8
CLM00010338,TPIN1000000338,Legitimate,N/A,0,2025-01-08,20
CLM00010339,TPIN1000000339,Legitimate,N/A,0,2024-10-29,11
CLM00010340,TPIN1000000340,Legitimate,N/A,0,2024-02-04,19
CLM00010341,TPIN1000000341,Legitimate,N/A,0,2024-10-10,7
CLM00010342,TPIN1000000342,Legitimate,N/A,0,2024-02-12,23
CLM00010343,TPIN1000000343,Legitimate,N/A,0,2024-04-18,9
CLM00010344,TPIN1000000344,Legitimate,N/A,0,2024-12-20,10
CLM00010345,TPIN1000000345,Legitimate,N/A,0,2024-12-16,17
CLM00010346,TPIN1000000346,Legitimate,N/A,0,2024-10-24,14
CLM00010347,TPIN1000000347,Legitimate,N/A,0,2024-11-25,15
CLM00010348,TPIN1000000348,Legitimate,N/A,0,2025-01-25,25
CLM00010349,TPIN1000000349,Legitimate,N/A,0,2024-12-15,7
CLM00010350,TPIN1000000350,Legitimate,N/A,0,2024-08-06,18
CLM00010351,TPIN1000000351,Legitimate,N/A,0,2024-12-11,16
CLM00010352,TPIN1000000352,Legitimate,N/A,0,2024-09-30,13
CLM00010353,TPIN1000000353,Legitimate,N/A,0,2024-03-31,10
CLM00010354,TPIN1000000354,Legitimate,N/A,0,2024-05-01,9
CLM00010355,TPIN1000000355,Legitimate,N/A,0,2024-05-30,11
CLM00010356,TPIN1000000356,Legitimate,N/A,0,2024-12-08,13
CLM00010357,TPIN1000000357,Legitimate,N/A,0,2024-10-22,7
CLM00010358,TPIN1000000358,Legitimate,N/A,0,2024-06-11,15
CLM00010359,TPIN1000000359,Legitimate,N/A,0,2024-12-11,24
CLM00010360,TPIN1000000360,Legitimate,N/A,0,2024-09-08,17
CLM00010361,TPIN1000000361,Legitimate,N/A,0,2024-04-11,11
CLM00010362,TPIN1000000362,Legitimate,N/A,0,2024-07-09,15
CLM00010363,TPIN1000000363,Legitimate,N/A,0,2024-04-09,16
CLM00010364,TPIN1000000364,Legitimate,N/A,0,2024-11-03,14
CLM00010365,TPIN1000000365,Legitimate,N/A,0,2024-05-21,16
CLM00010366,TPIN1000000366,Legitimate,N/A,0,2024-05-09,8
CLM00010367,TPIN1000000367,Legitimate,N/A,0,2024-11-13,12
CLM00010368,TPIN1000000368,Legitimate,N/A,0,2024-09-04,16
CLM00010369,TPIN1000000369,Legitimate,N/A,0,2024-07-12,11
CLM00010370,TPIN1000000370,Legitimate,N/A,0,2024-11-02,20
CLM00010371,TPIN1000000371,Legitimate,N/A,0,2025-01-14,17
CLM00010372,TPIN1000000372,Legitimate,N/A,0,2024-09-17,16
CLM00010373,TPIN1000000373,Legitimate,N/A,0,2025-01-05,16
CLM00010374,TPIN1000000374,Legitimate,N/A,0,2024-09-07,7
CLM00010375,TPIN1000000375,Legitimate,N/A,0,2024-06-24,9
CLM00010376,TPIN1000000376,Legitimate,N/A,0,2024-10-09,17
CLM00010377,TPIN1000000377,Legitimate,N/A,0,2024-09-21,20
CLM00010378,TPIN1000000378,Legitimate,N/A,0,2024-07-10,21
CLM00010379,TPIN1000000379,Legitimate,N/A,0,2024-05-30,19
CLM00010380,TPIN1000000380,Legitimate,N/A,0,2024-09-04,7
CLM00010381,TPIN1000000381,Legitimate,N/A,0,2024-06-06,17
CLM00010382,TPIN1000000382,Legitimate,N/A,0,2024-06-01,23
CLM00010383,TPIN1000000383,Legitimate,N/A,0,2024-09-11,21
CLM00010384,TPIN1000000384,Legitimate,N/A,0,2024-09-05,19
CLM00010385,TPIN1000000385,Legitimate,N/A,0,2024-06-07,15
CLM00010386,TPIN1000000386,Legitimate,N/A,0,2024-05-22,9
CLM00010387,TPIN1000000387,Legitimate,N/A,0,2024-08-25,23
CLM00010388,TPIN1000000388,Legitimate,N/A,0,2024-12-14,11
CLM00010389,TPIN1000000389,Legitimate,N/A,0,2024-04-14,16
CLM00010390,TPIN1000000390,Legitimate,N/A,0,2024-08-31,15
CLM00010391,TPIN1000000391,Legitimate,N/A,0,2024-05-15,19
CLM00010392,TPIN1000000392,Legitimate,N/A,0,2024-12-16,21
CLM00010393,TPIN1000000393,Legitimate,N/A,0,2024-04-13,12
CLM00010394,TPIN1000000394,Legitimate,N/A,0,2024-06-07,8
CLM00010395,TPIN1000000395,Legitimate,N/A,0,2024-08-09,12
CLM00010396,TPIN1000000396,Legitimate,N/A,0,2024-09-02,18
CLM00010397,TPIN1000000397,Legitimate,N/A,0,2024-07-02,5
CLM00010398,TPIN1000000398,Legitimate,N/A,0,2025-01-10,23
CLM00010399,TPIN1000000399,Legitimate,N/A,0,2024-08-06,7
CLM00010400,TPIN1000000400,Legitimate,N/A,0,2024-12-21,9
CLM00010401,TPIN1000000401,Legitimate,N/A,0,2025-01-03,18
CLM00010402,TPIN1000000402,Legitimate,N/A,0,2024-08-01,24
CLM00010403,TPIN1000000403,Legitimate,N/A,0,2024-02-09,22
CLM00010404,TPIN1000000404,Legitimate,N/A,0,2024-08-22,11
CLM00010405,TPIN1000000405,Legitimate,N/A,0,2024-05-23,14
CLM00010406,TPIN1000000406,Legitimate,N/A,0,2024-10-01,16
CLM00010407,TPIN1000000407,Legitimate,N/A,0,2024-07-11,24
CLM00010408,TPIN1000000408,Legitimate,N/A,0,2024-03-30,13
CLM00010409,TPIN1000000409,Legitimate,N/A,0,2024-08-07,19
CLM00010410,TPIN1000000410,Legitimate,N/A,0,2024-10-17,20
CLM00010411,TPIN1000000411,Legitimate,N/A,0,2024-07-22,23
CLM00010412,TPIN1000000412,Legitimate,N/A,0,2024-07-25,23
CLM00010413,TPIN1000000413,Legitimate,N/A,0,2024-06-15,24
CLM00010414,TPIN1000000414,Legitimate,N/A,0,2024-07-22,23
CLM00010415,TPIN1000000415,Legitimate,N/A,0,2024-03-16,19
CLM00010416,TPIN1000000416,Legitimate,N/A,0,2024-12-08,6
CLM00010417,TPIN1000000417,Legitimate,N/A,0,2025-01-22,13
CLM00010418,TPIN1000000418,Legitimate,N/A,0,2024-09-19,15
CLM00010419,TPIN1000000419,Legitimate,N/A,0,2024-08-18,6
CLM00010420,TPIN1000000420,Legitimate,N/A,0,2024-11-16,8
CLM00010421,TPIN1000000421,Legitimate,N/A,0,2024-09-16,17
CLM00010422,TPIN1000000422,Legitimate,N/A,0,2024-03-02,14
CLM00010423,TPIN1000000423,Legitimate,N/A,0,2024-09-07,6
CLM00010424,TPIN1000000424,Legitimate,N/A,0,2024-12-15,18
CLM00010425,TPIN1000000425,Legitimate,N/A,0,2024-09-19,25
CLM00010426,TPIN1000000426,Legitimate,N/A,0,2024-12-07,20
CLM00010427,TPIN1000000427,Legitimate,N/A,0,2025-01-01,24
CLM00010428,TPIN1000000428,Legitimate,N/A,0,2024-05-03,7
CLM00010429,TPIN1000000429,Legitimate,N/A,0,2024-12-21,6
CLM00010430,TPIN1000000430,Legitimate,N/A,0,2024-10-07,14
CLM00010431,TPIN1000000431,Legitimate,N/A,0,2024-04-30,20
CLM00010432,TPIN1000000432,Legitimate,N/A,0,2024-06-09,8
CLM00010433,TPIN1000000433,Legitimate,N/A,0,2024-03-26,10
CLM00010434,TPIN1000000434,Legitimate,N/A,0,2025-01-07,23
CLM00010435,TPIN1000000435,Legitimate,N/A,0,2024-03-12,19
CLM00010436,TPIN1000000436,Legitimate,N/A,0,2024-03-23,13
CLM00010437,TPIN1000000437,Legitimate,N/A,0,2024-11-24,16
CLM00010438,TPIN1000000438,Legitimate,N/A,0,2024-02-20,7
CLM00010439,TPIN1000000439,Legitimate,N/A,0,2024-07-30,8
CLM00010440,TPIN1000000440,Legitimate,N/A,0,2024-03-22,17
CLM00010441,TPIN1000000441,Legitimate,N/A,0,2024-09-21,7
CLM00010442,TPIN1000000442,Legitimate,N/A,0,2024-07-06,18
CLM00010443,TPIN1000000443,Legitimate,N/A,0,2024-10-14,14
CLM00010444,TPIN1000000444,Legitimate,N/A,0,2024-10-19,10
CLM00010445,TPIN1000000445,Legitimate,N/A,0,2024-03-20,10
CLM00010446,TPIN1000000446,Legitimate,N/A,0,2024-02-11,13
CLM00010447,TPIN1000000447,Legitimate,N/A,0,2024-07-01,5
CLM00010448,TPIN1000000448,Legitimate,N/A,0,2024-05-01,23
CLM00010449,TPIN1000000449,Legitimate,N/A,0,2024-05-10,13
CLM00010450,TPIN1000000450,Legitimate,N/A,0,2024-08-24,25
CLM00010451,TPIN1000000451,Legitimate,N/A,0,2024-06-23,20
CLM00010452,TPIN1000000452,Legitimate,N/A,0,2024-05-20,6
CLM00010453,TPIN1000000453,Legitimate,N/A,0,2024-05-18,10
CLM00010454,TPIN1000000454,Legitimate,N/A,0,2024-04-07,8
CLM00010455,TPIN1000000455,Legitimate,N/A,0,2024-11-03,15
CLM00010456,TPIN1000000456,Legitimate,N/A,0,2024-04-29,21
CLM00010457,TPIN1000000457,Legitimate,N/A,0,2024-08-03,16
CLM00010458,TPIN1000000458,Legitimate,N/A,0,2024-09-15,24
CLM00010459,TPIN1000000459,Legitimate,N/A,0,2024-04-06,11
CLM00010460,TPIN1000000460,Legitimate,N/A,0,2024-08-01,9
CLM00010461,TPIN1000000461,Legitimate,N/A,0,2025-01-04,13
CLM00010462,TPIN1000000462,Legitimate,N/A,0,2024-11-16,10
CLM00010463,TPIN1000000463,Legitimate,N/A,0,2024-08-06,11
CLM00010464,TPIN1000000464,Legitimate,N/A,0,2024-08-04,19
CLM00010465,TPIN1000000465,Legitimate,N/A,0,2024-12-01,23
CLM00010466,TPIN1000000466,Legitimate,N/A,0,2024-09-01,5
CLM00010467,TPIN1000000467,Legitimate,N/A,0,2024-05-22,8
CLM00010468,TPIN1000000468,Legitimate,N/A,0,2024-07-14,21
CLM00010469,TPIN1000000469,Legitimate,N/A,0,2025-01-16,17
CLM00010470,TPIN1000000470,Legitimate,N/A,0,2024-09-17,7
CLM00010471,TPIN1000000471,Legitimate,N/A,0,2024-07-21,11
CLM00010472,TPIN1000000472,Legitimate,N/A,0,2024-11-21,10
CLM00010473,TPIN1000000473,Legitimate,N/A,0,2024-12-19,11
CLM00010474,TPIN1000000474,Legitimate,N/A,0,2024-04-14,8
CLM00010475,TPIN1000000475,Legitimate,N/A,0,2024-10-20,7
CLM00010476,TPIN1000000476,Legitimate,N/A,0,2024-12-05,14
CLM00010477,TPIN1000000477,Legitimate,N/A,0,2024-10-08,6
CLM00010478,TPIN1000000478,Legitimate,N/A,0,2025-01-25,15
CLM00010479,TPIN1000000479,Legitimate,N/A,0,2024-07-30,21
CLM00010480,TPIN1000000480,Legitimate,N/A,0,2024-03-11,15
CLM00010481,TPIN1000000481,Legitimate,N/A,0,2024-03-17,7
CLM00010482,TPIN1000000482,Legitimate,N/A,0,2024-04-15,10
CLM00010483,TPIN1000000483,Legitimate,N/A,0,2024-06-16,9
CLM00010484,TPIN1000000484,Legitimate,N/A,0,2024-03-21,5
CLM00010485,TPIN1000000485,Legitimate,N/A,0,2024-03-03,7
CLM00010486,TPIN1000000486,Legitimate,N/A,0,2024-10-14,23
CLM00010487,TPIN1000000487,Legitimate,N/A,0,2024-07-15,22
CLM00010488,TPIN1000000488,Legitimate,N/A,0,2024-07-14,15
CLM00010489,TPIN1000000489,Legitimate,N/A,0,2024-02-11,16
CLM00010490,TPIN1000000490,Legitimate,N/A,0,2024-05-24,15
CLM00010491,TPIN1000000491,Legitimate,N/A,0,2024-09-10,16
CLM00010492,TPIN1000000492,Legitimate,N/A,0,2024-12-07,17
CLM00010493,TPIN1000000493,Legitimate,N/A,0,2024-03-19,15
CLM00010494,TPIN1000000494,Legitimate,N/A,0,2025-01-19,7
CLM00010495,TPIN1000000495,Legitimate,N/A,0,2024-09-11,10
CLM00010496,TPIN1000000496,Legitimate,N/A,0,2024-08-29,13
CLM00010497,TPIN1000000497,Legitimate,N/A,0,2024-05-11,8
CLM00010498,TPIN1000000498,Legitimate,N/A,0,2024-07-10,16
CLM00010499,TPIN1000000499,Legitimate,N/A,0,2024-02-10,11
CLM00010500,TPIN1000000500,Legitimate,N/A,0,2024-03-13,14
CLM00010501,TPIN1000000501,Legitimate,N/A,0,2024-07-09,19
CLM00010502,TPIN1000000502,Legitimate,N/A,0,2024-11-05,20
CLM00010503,TPIN1000000503,Legitimate,N/A,0,2024-06-05,18
CLM00010504,TPIN1000000504,Legitimate,N/A,0,2024-06-04,15
CLM00010505,TPIN1000000505,Legitimate,N/A,0,2024-06-21,7
CLM00010506,TPIN1000000506,Legitimate,N/A,0,2024-03-05,20
CLM00010507,TPIN1000000507,Legitimate,N/A,0,2024-10-18,20
CLM00010508,TPIN1000000508,Legitimate,N/A,0,2025-01-22,9
CLM00010509,TPIN1000000509,Legitimate,N/A,0,2024-11-19,23
CLM00010510,TPIN1000000510,Legitimate,N/A,0,2024-11-01,19
CLM00010511,TPIN1000000511,Legitimate,N/A,0,2024-09-12,20
CLM00010512,TPIN1000000512,Legitimate,N/A,0,2024-12-19,21
CLM00010513,TPIN1000000513,Legitimate,N/A,0,2024-04-24,14
CLM00010514,TPIN1000000514,Legitimate,N/A,0,2024-02-03,18
CLM00010515,TPIN1000000515,Legitimate,N/A,0,2024-11-05,17
CLM00010516,TPIN1000000516,Legitimate,N/A,0,2024-04-24,14
CLM00010517,TPIN1000000517,Legitimate,N/A,0,2025-01-19,13
CLM00010518,TPIN1000000518,Legitimate,N/A,0,2025-01-03,13
CLM00010519,TPIN1000000519,Legitimate,N/A,0,2024-09-21,12
CLM00010520,TPIN1000000520,Legitimate,N/A,0,2024-12-06,14
CLM00010521,TPIN1000000521,Legitimate,N/A,0,2024-10-10,15
CLM00010522,TPIN1000000522,Legitimate,N/A,0,2024-02-25,25
CLM00010523,TPIN1000000523,Legitimate,N/A,0,2024-10-07,12
CLM00010524,TPIN1000000524,Legitimate,N/A,0,2024-06-01,13
CLM00010525,TPIN1000000525,Legitimate,N/A,0,2024-10-07,8
CLM00010526,TPIN1000000526,Legitimate,N/A,0,2024-03-04,5
CLM00010527,TPIN1000000527,Legitimate,N/A,0,2024-07-11,8
CLM00010528,TPIN1000000528,Legitimate,N/A,0,2024-11-06,19
CLM00010529,TPIN1000000529,Legitimate,N/A,0,2024-09-02,10
CLM00010530,TPIN1000000530,Legitimate,N/A,0,2024-11-12,24
CLM00010531,TPIN1000000531,Legitimate,N/A,0,2024-08-02,20
CLM00010532,TPIN1000000532,Legitimate,N/A,0,2024-10-22,22
CLM00010533,TPIN1000000533,Legitimate,N/A,0,2024-08-22,11
CLM00010534,TPIN1000000534,Legitimate,N/A,0,2024-07-06,20
CLM00010535,TPIN1000000535,Legitimate,N/A,0,2024-07-25,17
CLM00010536,TPIN1000000536,Legitimate,N/A,0,2024-03-01,13
CLM00010537,TPIN1000000537,Legitimate,N/A,0,2024-08-06,20
CLM00010538,TPIN1000000538,Legitimate,N/A,0,2024-12-04,13
CLM00010539,TPIN1000000539,Legitimate,N/A,0,2025-01-15,18
CLM00010540,TPIN1000000540,Legitimate,N/A,0,2024-05-25,21
CLM00010541,TPIN1000000541,Legitimate,N/A,0,2024-09-17,14
CLM00010542,TPIN1000000542,Legitimate,N/A,0,2024-07-25,5
CLM00010543,TPIN1000000543,Legitimate,N/A,0,2024-11-03,22
CLM00010544,TPIN1000000544,Legitimate,N/A,0,2024-09-22,10
CLM00010545,TPIN1000000545,Legitimate,N/A,0,2024-07-10,18
CLM00010546,TPIN1000000546,Legitimate,N/A,0,2024-02-14,17
CLM00010547,TPIN1000000547,Legitimate,N/A,0,2024-03-03,16
CLM00010548,TPIN1000000548,Legitimate,N/A,0,2024-05-10,11
CLM00010549,TPIN1000000549,Legitimate,N/A,0,2024-12-17,11
CLM00010550,TPIN1000000550,Legitimate,N/A,0,2024-05-11,14
CLM00010551,TPIN1000000551,Legitimate,N/A,0,2025-01-17,20
CLM00010552,TPIN1000000552,Legitimate,N/A,0,2024-06-22,17
CLM00010553,TPIN1000000553,Legitimate,N/A,0,2024-11-06,8
CLM00010554,TPIN1000000554,Legitimate,N/A,0,2024-05-26,14
CLM00010555,TPIN1000000555,Legitimate,N/A,0,2024-09-18,18
CLM00010556,TPIN1000000556,Legitimate,N/A,0,2024-08-29,23
CLM00010557,TPIN1000000557,Legitimate,N/A,0,2024-03-12,6
CLM00010558,TPIN1000000558,Legitimate,N/A,0,2024-06-25,16
CLM00010559,TPIN1000000559,Legitimate,N/A,0,2025-01-13,10
CLM00010560,TPIN1000000560,Legitimate,N/A,0,2024-09-10,14
CLM00010561,TPIN1000000561,Legitimate,N/A,0,2024-12-16,22
CLM00010562,TPIN1000000562,Legitimate,N/A,0,2024-03-04,10
CLM00010563,TPIN1000000563,Legitimate,N/A,0,2024-11-21,21
CLM00010564,TPIN1000000564,Legitimate,N/A,0,2024-06-11,11
CLM00010565,TPIN1000000565,Legitimate,N/A,0,2024-06-17,21
CLM00010566,TPIN1000000566,Legitimate,N/A,0,2025-01-25,23
CLM00010567,TPIN1000000567,Legitimate,N/A,0,2024-02-15,11
CLM00010568,TPIN1000000568,Legitimate,N/A,0,2024-11-05,20
CLM00010569,TPIN1000000569,Legitimate,N/A,0,2024-03-11,6
CLM00010570,TPIN1000000570,Legitimate,N/A,0,2024-03-22,17
CLM00010571,TPIN1000000571,Legitimate,N/A,0,2025-01-01,24
CLM00010572,TPIN1000000572,Legitimate,N/A,0,2024-09-05,10
CLM00010573,TPIN1000000573,Legitimate,N/A,0,2024-02-08,19
CLM00010574,TPIN1000000574,Legitimate,N/A,0,2024-04-07,6
CLM00010575,TPIN1000000575,Legitimate,N/A,0,2024-04-29,18
CLM00010576,TPIN1000000576,Legitimate,N/A,0,2024-10-29,21
CLM00010577,TPIN1000000577,Legitimate,N/A,0,2024-03-07,21
CLM00010578,TPIN1000000578,Legitimate,N/A,0,2024-12-09,20
CLM00010579,TPIN1000000579,Legitimate,N/A,0,2024-09-12,24
CLM00010580,TPIN1000000580,Legitimate,N/A,0,2024-01-31,12
CLM00010581,TPIN1000000581,Legitimate,N/A,0,2024-06-12,10
CLM00010582,TPIN1000000582,Legitimate,N/A,0,2024-08-29,13
CLM00010583,TPIN1000000583,Legitimate,N/A,0,2024-12-19,7
CLM00010584,TPIN1000000584,Legitimate,N/A,0,2024-10-03,11
CLM00010585,TPIN1000000585,Legitimate,N/A,0,2024-06-22,15
CLM00010586,TPIN1000000586,Legitimate,N/A,0,2024-11-20,18
CLM00010587,TPIN1000000587,Legitimate,N/A,0,2025-01-04,23
CLM00010588,TPIN1000000588,Legitimate,N/A,0,2024-11-11,18
CLM00010589,TPIN1000000589,Legitimate,N/A,0,2024-12-01,6
CLM00010590,TPIN1000000590,Legitimate,N/A,0,2024-08-07,10
CLM00010591,TPIN1000000591,Legitimate,N/A,0,2024-04-08,24
CLM00010592,TPIN1000000592,Legitimate,N/A,0,2024-08-21,19
CLM00010593,TPIN1000000593,Legitimate,N/A,0,2024-09-04,7
CLM00010594,TPIN1000000594,Legitimate,N/A,0,2024-02-13,14
CLM00010595,TPIN1000000595,Legitimate,N/A,0,2025-01-18,5
CLM00010596,TPIN1000000596,Legitimate,N/A,0,2024-09-20,19
CLM00010597,TPIN1000000597,Legitimate,N/A,0,2024-12-22,8
CLM00010598,TPIN1000000598,Legitimate,N/A,0,2024-05-15,13
CLM00010599,TPIN1000000599,Legitimate,N/A,0,2024-03-15,14
CLM00010600,TPIN1000000600,Legitimate,N/A,0,2024-04-06,14
CLM00010601,TPIN1000000601,Legitimate,N/A,0,2024-09-03,5
CLM00010602,TPIN1000000602,Legitimate,N/A,0,2024-12-12,15
CLM00010603,TPIN1000000603,Legitimate,N/A,0,2024-10-09,5
CLM00010604,TPIN1000000604,Legitimate,N/A,0,2024-06-01,16
CLM00010605,TPIN1000000605,Legitimate,N/A,0,2024-12-13,17
CLM00010606,TPIN1000000606,Legitimate,N/A,0,2024-08-30,20
CLM00010607,TPIN1000000607,Legitimate,N/A,0,2024-03-04,20
CLM00010608,TPIN1000000608,Legitimate,N/A,0,2024-07-24,7
CLM00010609,TPIN1000000609,Legitimate,N/A,0,2024-04-23,8
CLM00010610,TPIN1000000610,Legitimate,N/A,0,2024-08-07,20
CLM00010611,TPIN1000000611,Legitimate,N/A,0,2024-10-22,5
CLM00010612,TPIN1000000612,Legitimate,N/A,0,2024-10-22,24
CLM00010613,TPIN1000000613,Legitimate,N/A,0,2024-08-19,5
CLM00010614,TPIN1000000614,Legitimate,N/A,0,2024-10-03,5
CLM00010615,TPIN1000000615,Legitimate,N/A,0,2024-07-30,12
CLM00010616,TPIN1000000616,Legitimate,N/A,0,2025-01-12,6
CLM00010617,TPIN1000000617,Legitimate,N/A,0,2024-01-29,19
CLM00010618,TPIN1000000618,Legitimate,N/A,0,2024-01-30,18
CLM00010619,TPIN1000000619,Legitimate,N/A,0,2024-06-14,12
CLM00010620,TPIN1000000620,Legitimate,N/A,0,2024-08-01,13
CLM00010621,TPIN1000000621,Legitimate,N/A,0,2024-09-02,23
CLM00010622,TPIN1000000622,Legitimate,N/A,0,2024-11-02,21
CLM00010623,TPIN1000000623,Legitimate,N/A,0,2024-12-08,23
CLM00010624,TPIN1000000624,Legitimate,N/A,0,2024-12-25,21
CLM00010625,TPIN1000000625,Legitimate,N/A,0,2024-06-29,24
CLM00010626,TPIN1000000626,Legitimate,N/A,0,2024-03-13,13
CLM00010627,TPIN1000000627,Legitimate,N/A,0,2024-05-15,12
CLM00010628,TPIN1000000628,Legitimate,N/A,0,2024-04-23,5
CLM00010629,TPIN1000000629,Legitimate,N/A,0,2025-01-17,19
CLM00010630,TPIN1000000630,Legitimate,N/A,0,2024-10-13,6
CLM00010631,TPIN1000000631,Legitimate,N/A,0,2024-08-22,16
CLM00010632,TPIN1000000632,Legitimate,N/A,0,2024-07-23,23
CLM00010633,TPIN1000000633,Legitimate,N/A,0,2024-07-31,16
CLM00010634,TPIN1000000634,Legitimate,N/A,0,2025-01-03,9
CLM00010635,TPIN1000000635,Legitimate,N/A,0,2024-12-23,19
CLM00010636,TPIN1000000636,Legitimate,N/A,0,2025-01-09,16
CLM00010637,TPIN1000000637,Legitimate,N/A,0,2024-05-10,15
CLM00010638,TPIN1000000638,Legitimate,N/A,0,2024-04-20,21
CLM00010639,TPIN1000000639,Legitimate,N/A,0,2024-07-06,14
CLM00010640,TPIN1000000640,Legitimate,N/A,0,2024-05-30,5
CLM00010641,TPIN1000000641,Legitimate,N/A,0,2024-08-23,13
CLM00010642,TPIN1000000642,Legitimate,N/A,0,2024-04-15,19
CLM00010643,TPIN1000000643,Legitimate,N/A,0,2024-03-21,20
CLM00010644,TPIN1000000644,Legitimate,N/A,0,2024-05-15,10
CLM00010645,TPIN1000000645,Legitimate,N/A,0,2024-04-22,20
CLM00010646,TPIN1000000646,Legitimate,N/A,0,2024-06-20,12
CLM00010647,TPIN1000000647,Legitimate,N/A,0,2024-08-03,12
CLM00010648,TPIN1000000648,Legitimate,N/A,0,2024-06-18,13
CLM00010649,TPIN1000000649,Legitimate,N/A,0,2024-11-07,10
CLM00010650,TPIN1000000650,Legitimate,N/A,0,2024-11-14,17
CLM00010651,TPIN1000000651,Legitimate,N/A,0,2025-01-11,17
CLM00010652,TPIN1000000652,Legitimate,N/A,0,2024-06-18,16
CLM00010653,TPIN1000000653,Legitimate,N/A,0,2024-03-08,11
CLM00010654,TPIN1000000654,Legitimate,N/A,0,2025-01-08,19
CLM00010655,TPIN1000000655,Legitimate,N/A,0,2024-09-18,16
CLM00010656,TPIN1000000656,Legitimate,N/A,0,2024-07-01,16
CLM00010657,TPIN1000000657,Legitimate,N/A,0,2024-08-06,22
CLM00010658,TPIN1000000658,Legitimate,N/A,0,2024-08-25,11
CLM00010659,TPIN1000000659,Legitimate,N/A,0,2024-06-21,17
CLM00010660,TPIN1000000660,Legitimate,N/A,0,2024-12-05,8
CLM00010661,TPIN1000000661,Legitimate,N/A,0,2024-08-22,25
CLM00010662,TPIN1000000662,Legitimate,N/A,0,2024-09-24,11
CLM00010663,TPIN1000000663,Legitimate,N/A,0,2024-12-13,6
CLM00010664,TPIN1000000664,Legitimate,N/A,0,2024-05-26,23
CLM00010665,TPIN1000000665,Legitimate,N/A,0,2024-06-20,18
CLM00010666,TPIN1000000666,Legitimate,N/A,0,2024-06-24,11
CLM00010667,TPIN1000000667,Legitimate,N/A,0,2024-04-08,25
CLM00010668,TPIN1000000668,Legitimate,N/A,0,2024-07-20,6
CLM00010669,TPIN1000000669,Legitimate,N/A,0,2024-09-01,25
CLM00010670,TPIN1000000670,Legitimate,N/A,0,2024-11-14,8
CLM00010671,TPIN1000000671,Legitimate,N/A,0,2024-09-04,23
CLM00010672,TPIN1000000672,Legitimate,N/A,0,2024-10-04,5
CLM00010673,TPIN1000000673,Legitimate,N/A,0,2024-06-12,5
CLM00010674,TPIN1000000674,Legitimate,N/A,0,2024-09-24,15
CLM00010675,TPIN1000000675,Legitimate,N/A,0,2024-06-07,17
CLM00010676,TPIN1000000676,Legitimate,N/A,0,2024-09-24,13
CLM00010677,TPIN1000000677,Legitimate,N/A,0,2025-01-15,22
CLM00010678,TPIN1000000678,Legitimate,N/A,0,2024-11-12,17
CLM00010679,TPIN1000000679,Legitimate,N/A,0,2024-04-10,20
CLM00010680,TPIN1000000680,Legitimate,N/A,0,2025-01-04,7
CLM00010681,TPIN1000000681,Legitimate,N/A,0,2024-09-13,21
CLM00010682,TPIN1000000682,Legitimate,N/A,0,2024-04-05,24
CLM00010683,TPIN1000000683,Legitimate,N/A,0,2024-12-06,24
CLM00010684,TPIN1000000684,Legitimate,N/A,0,2025-01-07,20
CLM00010685,TPIN1000000685,Legitimate,N/A,0,2025-01-13,21
CLM00010686,TPIN1000000686,Legitimate,N/A,0,2024-07-13,10
CLM00010687,TPIN1000000687,Legitimate,N/A,0,2024-02-11,24
CLM00010688,TPIN1000000688,Legitimate,N/A,0,2024-05-25,22
CLM00010689,TPIN1000000689,Legitimate,N/A,0,2024-12-20,13
CLM00010690,TPIN1000000690,Legitimate,N/A,0,2024-06-03,6
CLM00010691,TPIN1000000691,Legitimate,N/A,0,2025-01-11,17
CLM00010692,TPIN1000000692,Legitimate,N/A,0,2024-07-05,24
CLM00010693,TPIN1000000693,Legitimate,N/A,0,2025-01-09,13
CLM00010694,TPIN1000000694,Legitimate,N/A,0,2024-07-14,15
CLM00010695,TPIN1000000695,Legitimate,N/A,0,2024-05-24,7
CLM00010696,TPIN1000000696,Legitimate,N/A,0,2024-10-10,23
CLM00010697,TPIN1000000697,Legitimate,N/A,0,2024-11-07,9
CLM00010698,TPIN1000000698,Legitimate,N/A,0,2024-04-06,11
CLM00010699,TPIN1000000699,Legitimate,N/A,0,2024-06-24,22
CLM00010700,TPIN1000000700,Legitimate,N/A,0,2024-03-16,25
CLM00010701,TPIN1000000701,Legitimate,N/A,0,2024-05-06,17
CLM00010702,TPIN1000000702,Legitimate,N/A,0,2024-02-05,24
CLM00010703,TPIN1000000703,Legitimate,N/A,0,2024-02-25,7
CLM00010704,TPIN1000000704,Legitimate,N/A,0,2024-06-09,15
CLM00010705,TPIN1000000705,Legitimate,N/A,0,2024-12-23,9
CLM00010706,TPIN1000000706,Legitimate,N/A,0,2024-03-24,24
CLM00010707,TPIN1000000707,Legitimate,N/A,0,2024-09-17,14
CLM00010708,TPIN1000000708,Legitimate,N/A,0,2024-07-14,8
CLM00010709,TPIN1000000709,Legitimate,N/A,0,2024-09-12,17
CLM00010710,TPIN1000000710,Legitimate,N/A,0,2024-09-08,16
CLM00010711,TPIN1000000711,Legitimate,N/A,0,2024-02-01,17
CLM00010712,TPIN1000000712,Legitimate,N/A,0,2024-11-03,15
CLM00010713,TPIN1000000713,Legitimate,N/A,0,2024-05-30,20
CLM00010714,TPIN1000000714,Legitimate,N/A,0,2024-07-30,18
CLM00010715,TPIN1000000715,Legitimate,N/A,0,2024-06-22,14
CLM00010716,TPIN1000000716,Legitimate,N/A,0,2024-11-12,25
CLM00010717,TPIN1000000717,Legitimate,N/A,0,2024-07-20,17
CLM00010718,TPIN1000000718,Legitimate,N/A,0,2025-01-07,24
CLM00010719,TPIN1000000719,Legitimate,N/A,0,2024-09-04,6
CLM00010720,TPIN1000000720,Legitimate,N/A,0,2024-10-09,9
CLM00010721,TPIN1000000721,Legitimate,N/A,0,2024-11-24,6
CLM00010722,TPIN1000000722,Legitimate,N/A,0,2024-09-24,13
CLM00010723,TPIN1000000723,Legitimate,N/A,0,2024-07-20,11
CLM00010724,TPIN1000000724,Legitimate,N/A,0,2024-03-16,19
CLM00010725,TPIN1000000725,Legitimate,N/A,0,2024-10-20,9
CLM00010726,TPIN1000000726,Legitimate,N/A,0,2024-02-21,8
CLM00010727,TPIN1000000727,Legitimate,N/A,0,2024-08-21,23
CLM00010728,TPIN1000000728,Legitimate,N/A,0,2024-07-13,19
CLM00010729,TPIN1000000729,Legitimate,N/A,0,2024-03-03,7
CLM00010730,TPIN1000000730,Legitimate,N/A,0,2024-03-02,7
CLM00010731,TPIN1000000731,Legitimate,N/A,0,2024-09-10,14
CLM00010732,TPIN1000000732,Legitimate,N/A,0,2024-05-04,25
CLM00010733,TPIN1000000733,Legitimate,N/A,0,2024-08-25,23
CLM00010734,TPIN1000000734,Legitimate,N/A,0,2024-12-18,18
CLM00010735,TPIN1000000735,Legitimate,N/A,0,2024-08-18,17
CLM00010736,TPIN1000000736,Legitimate,N/A,0,2024-06-05,22
CLM00010737,TPIN1000000737,Legitimate,N/A,0,2024-11-01,22
CLM00010738,TPIN1000000738,Legitimate,N/A,0,2024-07-25,16
CLM00010739,TPIN1000000739,Legitimate,N/A,0,2024-07-16,14
CLM00010740,TPIN1000000740,Legitimate,N/A,0,2024-03-22,24
CLM00010741,TPIN1000000741,Legitimate,N/A,0,2024-12-11,10
CLM00010742,TPIN1000000742,Legitimate,N/A,0,2024-04-18,13
CLM00010743,TPIN1000000743,Legitimate,N/A,0,2024-02-17,11
CLM00010744,TPIN1000000744,Legitimate,N/A,0,2024-11-24,8
CLM00010745,TPIN1000000745,Legitimate,N/A,0,2024-03-07,14
CLM00010746,TPIN1000000746,Legitimate,N/A,0,2024-11-11,15
CLM00010747,TPIN1000000747,Legitimate,N/A,0,2024-02-01,16
CLM00010748,TPIN1000000748,Legitimate,N/A,0,2024-06-13,7
CLM00010749,TPIN1000000749,Legitimate,N/A,0,2024-10-08,14
CLM00010750,TPIN1000000750,Legitimate,N/A,0,2025-01-23,12
CLM00010751,TPIN1000000751,Legitimate,N/A,0,2024-05-10,11
CLM00010752,TPIN1000000752,Legitimate,N/A,0,2024-06-29,16
CLM00010753,TPIN1000000753,Legitimate,N/A,0,2024-05-31,19
CLM00010754,TPIN1000000754,Legitimate,N/A,0,2024-03-25,13
CLM00010755,TPIN1000000755,Legitimate,N/A,0,2024-07-09,7
CLM00010756,TPIN1000000756,Legitimate,N/A,0,2024-09-29,22
CLM00010757,TPIN1000000757,Legitimate,N/A,0,2024-08-08,10
CLM00010758,TPIN1000000758,Legitimate,N/A,0,2024-11-23,24
CLM00010759,TPIN1000000759,Legitimate,N/A,0,2024-11-12,11
CLM00010760,TPIN1000000760,Legitimate,N/A,0,2024-09-25,17
CLM00010761,TPIN1000000761,Legitimate,N/A,0,2024-03-13,10
CLM00010762,TPIN1000000762,Legitimate,N/A,0,2024-07-18,25
CLM00010763,TPIN1000000763,Legitimate,N/A,0,2024-09-09,11
CLM00010764,TPIN1000000764,Legitimate,N/A,0,2024-03-22,24
CLM00010765,TPIN1000000765,Legitimate,N/A,0,2025-01-11,16
CLM00010766,TPIN1000000766,Legitimate,N/A,0,2024-10-16,12
CLM00010767,TPIN1000000767,Legitimate,N/A,0,2024-02-09,19
CLM00010768,TPIN1000000768,Legitimate,N/A,0,2024-07-22,10
CLM00010769,TPIN1000000769,Legitimate,N/A,0,2024-08-01,22
CLM00010770,TPIN1000000770,Legitimate,N/A,0,2024-07-17,7
CLM00010771,TPIN1000000771,Legitimate,N/A,0,2024-11-22,23
CLM00010772,TPIN1000000772,Legitimate,N/A,0,2024-01-29,14
CLM00010773,TPIN1000000773,Legitimate,N/A,0,2024-05-26,23
CLM00010774,TPIN1000000774,Legitimate,N/A,0,2024-02-14,18
CLM00010775,TPIN1000000775,Legitimate,N/A,0,2024-02-01,16
CLM00010776,TPIN1000000776,Legitimate,N/A,0,2024-07-25,12
CLM00010777,TPIN1000000777,Legitimate,N/A,0,2024-03-20,6
CLM00010778,TPIN1000000778,Legitimate,N/A,0,2025-01-04,23
CLM00010779,TPIN1000000779,Legitimate,N/A,0,2024-07-16,9
CLM00010780,TPIN1000000780,Legitimate,N/A,0,2024-07-16,11
CLM00010781,TPIN1000000781,Legitimate,N/A,0,2024-09-04,20
CLM00010782,TPIN1000000782,Legitimate,N/A,0,2024-08-04,18
CLM00010783,TPIN1000000783,Legitimate,N/A,0,2024-02-08,10
CLM00010784,TPIN1000000784,Legitimate,N/A,0,2025-01-05,16
CLM00010785,TPIN1000000785,Legitimate,N/A,0,2024-10-05,6
CLM00010786,TPIN1000000786,Legitimate,N/A,0,2024-05-21,24
CLM00010787,TPIN1000000787,Legitimate,N/A,0,2024-04-20,20
CLM00010788,TPIN1000000788,Legitimate,N/A,0,2024-07-24,13
CLM00010789,TPIN1000000789,Legitimate,N/A,0,2024-09-20,11
CLM00010790,TPIN1000000790,Legitimate,N/A,0,2024-03-14,12
CLM00010791,TPIN1000000791,Legitimate,N/A,0,2024-11-18,10
CLM00010792,TPIN1000000792,Legitimate,N/A,0,2024-03-20,8
CLM00010793,TPIN1000000793,Legitimate,N/A,0,2024-04-01,14
CLM00010794,TPIN1000000794,Legitimate,N/A,0,2024-12-21,9
CLM00010795,TPIN1000000795,Legitimate,N/A,0,2024-06-12,20
CLM00010796,TPIN1000000796,Legitimate,N/A,0,2024-12-06,8
CLM00010797,TPIN1000000797,Legitimate,N/A,0,2024-07-12,24
CLM00010798,TPIN1000000798,Legitimate,N/A,0,2024-06-02,7
CLM00010799,TPIN1000000799,Legitimate,N/A,0,2024-11-04,10
CLM00010800,TPIN1000000800,Legitimate,N/A,0,2024-07-17,10
CLM00010801,TPIN1000000801,Legitimate,N/A,0,2024-12-07,5
CLM00010802,TPIN1000000802,Legitimate,N/A,0,2024-12-11,15
CLM00010803,TPIN1000000803,Legitimate,N/A,0,2024-11-15,9
CLM00010804,TPIN1000000804,Legitimate,N/A,0,2025-01-15,10
CLM00010805,TPIN1000000805,Legitimate,N/A,0,2024-12-29,23
CLM00010806,TPIN1000000806,Legitimate,N/A,0,2024-11-17,16
CLM00010807,TPIN1000000807,Legitimate,N/A,0,2024-06-21,15
CLM00010808,TPIN1000000808,Legitimate,N/A,0,2024-06-03,19
CLM00010809,TPIN1000000809,Legitimate,N/A,0,2024-04-06,14
CLM00010810,TPIN1000000810,Legitimate,N/A,0,2024-12-30,8
CLM00010811,TPIN1000000811,Legitimate,N/A,0,2024-12-25,24
CLM00010812,TPIN1000000812,Legitimate,N/A,0,2024-04-05,21
CLM00010813,TPIN1000000813,Legitimate,N/A,0,2024-07-12,9
CLM00010814,TPIN1000000814,Legitimate,N/A,0,2024-03-07,18
CLM00010815,TPIN1000000815,Legitimate,N/A,0,2024-12-22,16
CLM00010816,TPIN1000000816,Legitimate,N/A,0,2024-08-14,10
CLM00010817,TPIN1000000817,Legitimate,N/A,0,2024-02-03,23
CLM00010818,TPIN1000000818,Legitimate,N/A,0,2024-03-10,17
CLM00010819,TPIN1000000819,Legitimate,N/A,0,2024-04-15,6
CLM00010820,TPIN1000000820,Legitimate,N/A,0,2024-10-10,17
CLM00010821,TPIN1000000821,Legitimate,N/A,0,2024-03-04,19
CLM00010822,TPIN1000000822,Legitimate,N/A,0,2024-08-12,11
CLM00010823,TPIN1000000823,Legitimate,N/A,0,2024-07-21,24
CLM00010824,TPIN1000000824,Legitimate,N/A,0,2024-05-01,18
CLM00010825,TPIN1000000825,Legitimate,N/A,0,2024-08-24,11
CLM00010826,TPIN1000000826,Legitimate,N/A,0,2024-02-10,9
CLM00010827,TPIN1000000827,Legitimate,N/A,0,2024-09-03,20
CLM00010828,TPIN1000000828,Legitimate,N/A,0,2024-10-03,7
CLM00010829,TPIN1000000829,Legitimate,N/A,0,2024-04-06,9
CLM00010830,TPIN1000000830,Legitimate,N/A,0,2024-08-25,23
CLM00010831,TPIN1000000831,Legitimate,N/A,0,2024-10-08,10
CLM00010832,TPIN1000000832,Legitimate,N/A,0,2024-10-05,8
CLM00010833,TPIN1000000833,Legitimate,N/A,0,2024-12-15,10
CLM00010834,TPIN1000000834,Legitimate,N/A,0,2024-07-06,18
CLM00010835,TPIN1000000835,Legitimate,N/A,0,2024-04-25,24
CLM00010836,TPIN1000000836,Legitimate,N/A,0,2024-09-08,23
CLM00010837,TPIN1000000837,Legitimate,N/A,0,2024-03-03,19
CLM00010838,TPIN1000000838,Legitimate,N/A,0,2024-06-23,15
CLM00010839,TPIN1000000839,Legitimate,N/A,0,2024-08-11,14
CLM00010840,TPIN1000000840,Legitimate,N/A,0,2025-01-03,6
CLM00010841,TPIN1000000841,Legitimate,N/A,0,2024-11-17,11
CLM00010842,TPIN1000000842,Legitimate,N/A,0,2024-10-15,10
CLM00010843,TPIN1000000843,Legitimate,N/A,0,2024-07-07,6
CLM00010844,TPIN1000000844,Legitimate,N/A,0,2024-02-16,20
CLM00010845,TPIN1000000845,Legitimate,N/A,0,2024-02-23,12
CLM00010846,TPIN1000000846,Legitimate,N/A,0,2024-06-10,5
CLM00010847,TPIN1000000847,Legitimate,N/A,0,2024-10-07,6
CLM00010848,TPIN1000000848,Legitimate,N/A,0,2024-02-16,7
CLM00010849,TPIN1000000849,Legitimate,N/A,0,2024-10-02,18
CLM00010850,TPIN1000000850,Legitimate,N/A,0,2024-05-18,10
CLM00010851,TPIN1000000851,Legitimate,N/A,0,2024-12-12,19
CLM00010852,TPIN1000000852,Legitimate,N/A,0,2024-12-12,10
CLM00010853,TPIN1000000853,Legitimate,N/A,0,2025-01-10,22
CLM00010854,TPIN1000000854,Legitimate,N/A,0,2025-01-25,18
CLM00010855,TPIN1000000855,Legitimate,N/A,0,2024-12-25,19
CLM00010856,TPIN1000000856,Legitimate,N/A,0,2024-04-25,16
CLM00010857,TPIN1000000857,Legitimate,N/A,0,2024-03-09,19
CLM00010858,TPIN1000000858,Legitimate,N/A,0,2024-10-06,22
CLM00010859,TPIN1000000859,Legitimate,N/A,0,2024-05-19,14
CLM00010860,TPIN1000000860,Legitimate,N/A,0,2024-08-21,12
CLM00010861,TPIN1000000861,Legitimate,N/A,0,2024-04-03,20
CLM00010862,TPIN1000000862,Legitimate,N/A,0,2024-04-04,23
CLM00010863,TPIN1000000863,Legitimate,N/A,0,2024-10-23,16
CLM00010864,TPIN1000000864,Legitimate,N/A,0,2024-06-19,9
CLM00010865,TPIN1000000865,Legitimate,N/A,0,2024-09-13,8
CLM00010866,TPIN1000000866,Legitimate,N/A,0,2024-11-16,24
CLM00010867,TPIN1000000867,Legitimate,N/A,0,2024-05-06,14
CLM00010868,TPIN1000000868,Legitimate,N/A,0,2024-12-17,9
CLM00010869,TPIN1000000869,Legitimate,N/A,0,2024-11-11,10
CLM00010870,TPIN1000000870,Legitimate,N/A,0,2024-10-04,16
CLM00010871,TPIN1000000871,Legitimate,N/A,0,2024-10-04,23
CLM00010872,TPIN1000000872,Legitimate,N/A,0,2024-11-11,24
CLM00010873,TPIN1000000873,Legitimate,N/A,0,2025-01-01,5
CLM00010874,TPIN1000000874,Legitimate,N/A,0,2024-07-04,15
CLM00010875,TPIN1000000875,Legitimate,N/A,0,2024-07-18,12
CLM00010876,TPIN1000000876,Legitimate,N/A,0,2024-08-12,16
CLM00010877,TPIN1000000877,Legitimate,N/A,0,2024-10-24,22
CLM00010878,TPIN1000000878,Legitimate,N/A,0,2024-03-10,16
CLM00010879,TPIN1000000879,Legitimate,N/A,0,2024-09-10,12
CLM00010880,TPIN1000000880,Legitimate,N/A,0,2024-09-09,15
CLM00010881,TPIN1000000881,Legitimate,N/A,0,2024-08-19,11
CLM00010882,TPIN1000000882,Legitimate,N/A,0,2024-08-10,19
CLM00010883,TPIN1000000883,Legitimate,N/A,0,2024-08-31,23
CLM00010884,TPIN1000000884,Legitimate,N/A,0,2024-03-23,12
CLM00010885,TPIN1000000885,Legitimate,N/A,0,2024-04-24,13
CLM00010886,TPIN1000000886,Legitimate,N/A,0,2024-09-30,18
CLM00010887,TPIN1000000887,Legitimate,N/A,0,2024-10-10,19
CLM00010888,TPIN1000000888,Legitimate,N/A,0,2024-12-13,16
CLM00010889,TPIN1000000889,Legitimate,N/A,0,2024-07-19,6
CLM00010890,TPIN1000000890,Legitimate,N/A,0,2024-07-01,8
CLM00010891,TPIN1000000891,Legitimate,N/A,0,2024-12-17,12
CLM00010892,TPIN1000000892,Legitimate,N/A,0,2025-01-09,11
CLM00010893,TPIN1000000893,Legitimate,N/A,0,2024-05-10,13
CLM00010894,TPIN1000000894,Legitimate,N/A,0,2024-06-17,7
CLM00010895,TPIN1000000895,Legitimate,N/A,0,2024-02-12,15
CLM00010896,TPIN1000000896,Legitimate,N/A,0,2025-01-23,12
CLM00010897,TPIN1000000897,Legitimate,N/A,0,2024-08-21,10
CLM00010898,TPIN1000000898,Legitimate,N/A,0,2024-09-20,11
CLM00010899,TPIN1000000899,Legitimate,N/A,0,2024-04-03,24
CLM00010900,TPIN1000000900,Legitimate,N/A,0,2025-01-24,9
CLM00010901,TPIN1000000901,Legitimate,N/A,0,2024-02-20,12
CLM00010902,TPIN1000000902,Legitimate,N/A,0,2024-03-04,17
CLM00010903,TPIN1000000903,Legitimate,N/A,0,2024-03-17,18
CLM00010904,TPIN1000000904,Legitimate,N/A,0,2024-07-07,13
CLM00010905,TPIN1000000905,Legitimate,N/A,0,2024-12-02,13
CLM00010906,TPIN1000000906,Legitimate,N/A,0,2024-05-03,24
CLM00010907,TPIN1000000907,Legitimate,N/A,0,2024-07-23,19
CLM00010908,TPIN1000000908,Legitimate,N/A,0,2024-02-15,15
CLM00010909,TPIN1000000909,Legitimate,N/A,0,2024-08-31,24
CLM00010910,TPIN1000000910,Legitimate,N/A,0,2024-04-19,17
CLM00010911,TPIN1000000911,Legitimate,N/A,0,2024-10-24,15
CLM00010912,TPIN1000000912,Legitimate,N/A,0,2024-09-08,24
CLM00010913,TPIN1000000913,Legitimate,N/A,0,2024-12-10,17
CLM00010914,TPIN1000000914,Legitimate,N/A,0,2024-03-20,21
CLM00010915,TPIN1000000915,Legitimate,N/A,0,2024-10-20,15
CLM00010916,TPIN1000000916,Legitimate,N/A,0,2024-05-08,13
CLM00010917,TPIN1000000917,Legitimate,N/A,0,2024-07-12,12
CLM00010918,TPIN1000000918,Legitimate,N/A,0,2024-09-11,10
CLM00010919,TPIN1000000919,Legitimate,N/A,0,2024-11-11,11
CLM00010920,TPIN1000000920,Legitimate,N/A,0,2024-11-04,24
CLM00010921,TPIN1000000921,Legitimate,N/A,0,2024-06-15,13
CLM00010922,TPIN1000000922,Legitimate,N/A,0,2024-08-12,18
CLM00010923,TPIN1000000923,Legitimate,N/A,0,2024-04-02,14
CLM00010924,TPIN1000000924,Legitimate,N/A,0,2024-04-25,14
CLM00010925,TPIN1000000925,Legitimate,N/A,0,2024-03-31,6
CLM00010926,TPIN1000000926,Legitimate,N/A,0,2024-07-06,17
CLM00010927,TPIN1000000927,Legitimate,N/A,0,2024-08-13,12
CLM00010928,TPIN1000000928,Legitimate,N/A,0,2024-09-10,7
CLM00010929,TPIN1000000929,Legitimate,N/A,0,2024-08-07,17
CLM00010930,TPIN1000000930,Legitimate,N/A,0,2024-07-09,18
CLM00010931,TPIN1000000931,Legitimate,N/A,0,2024-04-15,14
CLM00010932,TPIN1000000932,Legitimate,N/A,0,2024-05-24,22
CLM00010933,TPIN1000000933,Legitimate,N/A,0,2024-06-11,16
CLM00010934,TPIN1000000934,Legitimate,N/A,0,2024-08-12,11
CLM00010935,TPIN1000000935,Legitimate,N/A,0,2024-07-16,11
CLM00010936,TPIN1000000936,Legitimate,N/A,0,2024-03-05,19
CLM00010937,TPIN1000000937,Legitimate,N/A,0,2024-02-05,23
CLM00010938,TPIN1000000938,Legitimate,N/A,0,2024-06-10,9
CLM00010939,TPIN1000000939,Legitimate,N/A,0,2024-12-18,8
CLM00010940,TPIN1000000940,Legitimate,N/A,0,2024-08-16,7
CLM00010941,TPIN1000000941,Legitimate,N/A,0,2024-08-22,24
CLM00010942,TPIN1000000942,Legitimate,N/A,0,2024-02-14,22
CLM00010943,TPIN1000000943,Legitimate,N/A,0,2025-01-09,7
CLM00010944,TPIN1000000944,Legitimate,N/A,0,2024-12-02,15
CLM00010945,TPIN1000000945,Legitimate,N/A,0,2024-04-14,21
CLM00010946,TPIN1000000946,Legitimate,N/A,0,2024-04-23,10
CLM00010947,TPIN1000000947,Legitimate,N/A,0,2024-08-18,8
CLM00010948,TPIN1000000948,Legitimate,N/A,0,2024-02-25,8
CLM00010949,TPIN1000000949,Legitimate,N/A,0,2024-03-06,8
CLM00010950,TPIN1000000950,Legitimate,N/A,0,2024-05-24,18
CLM00010951,TPIN1000000951,Legitimate,N/A,0,2024-04-19,23
CLM00010952,TPIN1000000952,Legitimate,N/A,0,2024-01-31,24
CLM00010953,TPIN1000000953,Legitimate,N/A,0,2024-09-18,11
CLM00010954,TPIN1000000954,Legitimate,N/A,0,2024-06-29,19
CLM00010955,TPIN1000000955,Legitimate,N/A,0,2024-06-15,19
CLM00010956,TPIN1000000956,Legitimate,N/A,0,2024-03-04,5
CLM00010957,TPIN1000000957,Legitimate,N/A,0,2024-05-10,12
CLM00010958,TPIN1000000958,Legitimate,N/A,0,2024-04-04,21
CLM00010959,TPIN1000000959,Legitimate,N/A,0,2024-12-21,22
CLM00010960,TPIN1000000960,Legitimate,N/A,0,2024-06-16,18
CLM00010961,TPIN1000000961,Legitimate,N/A,0,2024-12-13,13
CLM00010962,TPIN1000000962,Legitimate,N/A,0,2024-04-29,14
CLM00010963,TPIN1000000963,Legitimate,N/A,0,2024-08-31,19
CLM00010964,TPIN1000000964,Legitimate,N/A,0,2024-12-22,19
CLM00010965,TPIN1000000965,Legitimate,N/A,0,2024-07-08,11
CLM00010966,TPIN1000000966,Legitimate,N/A,0,2024-04-25,22
CLM00010967,TPIN1000000967,Legitimate,N/A,0,2024-11-29,11
CLM00010968,TPIN1000000968,Legitimate,N/A,0,2024-11-13,13
CLM00010969,TPIN1000000969,Legitimate,N/A,0,2024-12-10,15
CLM00010970,TPIN1000000970,Legitimate,N/A,0,2024-04-06,7
CLM00010971,TPIN1000000971,Legitimate,N/A,0,2024-06-04,10
CLM00010972,TPIN1000000972,Legitimate,N/A,0,2024-10-13,6
CLM00010973,TPIN1000000973,Legitimate,N/A,0,2024-07-01,15
CLM00010974,TPIN1000000974,Legitimate,N/A,0,2024-04-09,9
CLM00010975,TPIN1000000975,Legitimate,N/A,0,2024-07-01,7
CLM00010976,TPIN1000000976,Legitimate,N/A,0,2024-08-03,8
CLM00010977,TPIN1000000977,Legitimate,N/A,0,2024-11-30,16
CLM00010978,TPIN1000000978,Legitimate,N/A,0,2024-09-29,10
CLM00010979,TPIN1000000979,Legitimate,N/A,0,2024-02-24,20
CLM00010980,TPIN1000000980,Legitimate,N/A,0,2024-12-23,9
CLM00010981,TPIN1000000981,Legitimate,N/A,0,2025-01-22,14
CLM00010982,TPIN1000000982,Legitimate,N/A,0,2024-09-22,21
CLM00010983,TPIN1000000983,Legitimate,N/A,0,2024-05-21,21
CLM00010984,TPIN1000000984,Legitimate,N/A,0,2024-05-23,14
CLM00010985,TPIN1000000985,Legitimate,N/A,0,2024-12-03,21
CLM00010986,TPIN1000000986,Legitimate,N/A,0,2024-06-06,18
CLM00010987,TPIN1000000987,Legitimate,N/A,0,2024-05-06,12
CLM00010988,TPIN1000000988,Legitimate,N/A,0,2024-04-29,21
CLM00010989,TPIN1000000989,Legitimate,N/A,0,2025-01-23,16
CLM00010990,TPIN1000000990,Legitimate,N/A,0,2024-07-13,22
CLM00010991,TPIN1000000991,Legitimate,N/A,0,2024-10-23,22
CLM00010992,TPIN1000000992,Legitimate,N/A,0,2024-04-21,23
CLM00010993,TPIN1000000993,Legitimate,N/A,0,2024-11-10,20
CLM00010994,TPIN1000000994,Legitimate,N/A,0,2024-07-08,20
CLM00010995,TPIN1000000995,Legitimate,N/A,0,2024-05-12,9
CLM00010996,TPIN1000000996,Legitimate,N/A,0,2024-09-11,7
CLM00010997,TPIN1000000997,Legitimate,N/A,0,2024-09-01,11
CLM00010998,TPIN1000000998,Legitimate,N/A,0,2024-07-21,20
CLM00010999,TPIN1000000999,Legitimate,N/A,0,2024-03-13,13