declaration_id,taxpayer_id,declaration_type,declaration_date,customs_value,country_origin_dest,commodity_code,commodity_description,duties_paid,vat_paid,verified
IMP-5639865,TPIN1000000000,Import,2023-11-19,88238,DRC,34.63,Machinery,4412,14118,No
EXP-5253484,TPIN1000000000,Export,2024-01-18,110226,DRC,57.53,Textiles,5511,0,No
EXP-4039011,TPIN1000000000,Export,2023-12-06,191187,UAE,41.55,Copper,9559,0,Yes
IMP-3744989,TPIN1000000001,Import,2024-10-13,368646,China,60.63,Machinery,18432,58983,Yes
EXP-9362661,TPIN1000000001,Export,2024-09-05,483340,UK,21.58,Copper,24167,0,Yes
IMP-7754426,TPIN1000000005,Import,2024-05-18,231396,Zimbabwe,29.44,Food Products,11570,37023,No
EXP-857352,TPIN1000000005,Export,2024-06-25,162312,Zimbabwe,21.38,Copper,8116,0,No
IMP-3578657,TPIN1000000005,Import,2024-05-31,334186,Tanzania,66.28,Food Products,16709,53470,Yes
EXP-2956130,TPIN1000000006,Export,2024-09-18,107033,Botswana,6.57,Electronics,5352,0,No
EXP-7508888,TPIN1000000006,Export,2024-10-26,229365,China,15.50,Textiles,11468,0,No
IMP-8533581,TPIN1000000010,Import,2024-10-11,418526,Malawi,63.42,Machinery,20926,66964,No
IMP-2629311,TPIN1000000010,Import,2024-10-04,133605,South Africa,66.5,Textiles,6680,21377,Yes
EXP-2712710,TPIN1000000012,Export,2024-07-27,253818,UAE,43.70,Machinery,12691,0,Yes
EXP-6818749,TPIN1000000012,Export,2024-07-30,352577,Zimbabwe,45.79,Food Products,17629,0,No
EXP-728225,TPIN1000000012,Export,2024-09-23,122392,Botswana,20.37,Machinery,6120,0,No
EXP-8483220,TPIN1000000013,Export,2024-03-12,451112,DRC,18.61,Machinery,22556,0,Yes
EXP-5304359,TPIN1000000013,Export,2024-01-10,452914,Zimbabwe,41.18,Food Products,22646,0,No
EXP-3153593,TPIN1000000014,Export,2024-06-22,195071,Botswana,79.80,Textiles,9754,0,Yes
EXP-1216919,TPIN1000000016,Export,2024-05-18,446889,South Africa,91.61,Copper,22344,0,No
EXP-7779609,TPIN1000000017,Export,2024-07-29,77182,South Africa,42.22,Electronics,3859,0,Yes
IMP-5246733,TPIN1000000018,Import,2024-04-27,166330,China,1.73,Copper,8317,26613,No
EXP-8892894,TPIN1000000021,Export,2024-10-08,68527,South Africa,90.18,Copper,3426,0,No
IMP-9810934,TPIN1000000021,Import,2024-09-18,262158,China,56.15,Copper,13108,41945,Yes
EXP-9919023,TPIN1000000025,Export,2023-11-10,544551,UAE,83.12,Food Products,27228,0,Yes
IMP-6476339,TPIN1000000025,Import,2023-12-29,452010,Zimbabwe,57.6,Textiles,22600,72322,No
EXP-5643465,TPIN1000000028,Export,2023-11-23,511822,South Africa,39.30,Textiles,25591,0,No
EXP-599509,TPIN1000000029,Export,2024-01-12,546943,Zimbabwe,50.83,Food Products,27347,0,No
IMP-9792329,TPIN1000000029,Import,2024-01-25,294103,China,79.46,Electronics,14705,47056,No
EXP-230859,TPIN1000000029,Export,2023-12-29,209220,Botswana,8.48,Food Products,10461,0,Yes
IMP-7879841,TPIN1000000031,Import,2024-08-18,304812,UK,0.76,Electronics,15241,48770,Yes
IMP-3616559,TPIN1000000031,Import,2024-07-13,370998,Botswana,59.55,Electronics,18550,59360,Yes
IMP-4220268,TPIN1000000031,Import,2024-08-04,61259,UAE,65.3,Food Products,3063,9801,No
EXP-4257116,TPIN1000000033,Export,2024-02-26,261131,Zimbabwe,53.36,Textiles,13057,0,No
IMP-5241956,TPIN1000000033,Import,2024-02-21,536991,DRC,55.75,Machinery,26850,85919,Yes
EXP-4847339,TPIN1000000034,Export,2024-04-22,507785,UK,83.62,Copper,25389,0,No
EXP-8296349,TPIN1000000034,Export,2024-06-18,81604,Tanzania,72.15,Textiles,4080,0,No
EXP-8725972,TPIN1000000039,Export,2024-02-01,460886,Malawi,68.30,Textiles,23044,0,No
EXP-2007939,TPIN1000000039,Export,2024-01-18,266773,Botswana,51.51,Food Products,13339,0,No
EXP-7391619,TPIN1000000039,Export,2024-02-16,532942,Botswana,50.61,Copper,26647,0,No
IMP-6194800,TPIN1000000042,Import,2024-09-30,244107,China,85.97,Machinery,12205,39057,Yes
EXP-8161238,TPIN1000000043,Export,2024-09-05,479896,UK,88.96,Machinery,23995,0,Yes
EXP-9365476,TPIN1000000043,Export,2024-09-19,239519,DRC,78.24,Textiles,11976,0,No
IMP-613123,TPIN1000000044,Import,2023-11-26,250228,Malawi,47.38,Copper,12511,40037,No
IMP-336024,TPIN1000000045,Import,2024-03-17,303894,UAE,32.1,Machinery,15195,48623,Yes
EXP-6952297,TPIN1000000046,Export,2024-01-11,200412,South Africa,17.94,Textiles,10021,0,Yes
IMP-9284842,TPIN1000000049,Import,2024-08-14,386149,DRC,54.34,Electronics,19307,61784,Yes
EXP-2146422,TPIN1000000051,Export,2023-12-08,176703,UAE,97.16,Electronics,8835,0,Yes
EXP-1325977,TPIN1000000051,Export,2024-01-22,440961,South Africa,32.69,Machinery,22048,0,No
IMP-5067868,TPIN1000000051,Import,2024-02-03,114035,Tanzania,78.64,Electronics,5702,18246,Yes
EXP-7315532,TPIN1000000053,Export,2023-11-22,340281,DRC,65.54,Electronics,17014,0,Yes
EXP-5084615,TPIN1000000053,Export,2023-11-22,57808,South Africa,58.54,Copper,2890,0,No
IMP-9041639,TPIN1000000055,Import,2024-09-10,393340,China,1.44,Copper,19667,62934,No
IMP-8955892,TPIN1000000055,Import,2024-09-11,130409,China,91.44,Machinery,6520,20865,Yes
EXP-7683083,TPIN1000000055,Export,2024-10-17,448131,Malawi,67.90,Machinery,22407,0,No
EXP-7904703,TPIN1000000058,Export,2024-10-25,446240,Botswana,81.77,Electronics,22312,0,Yes
EXP-684755,TPIN1000000058,Export,2024-09-09,515251,Malawi,30.16,Machinery,25763,0,Yes
EXP-1069415,TPIN1000000058,Export,2024-10-13,192265,China,69.62,Electronics,9613,0,Yes
IMP-9892966,TPIN1000000059,Import,2024-07-03,429256,Botswana,30.43,Copper,21463,68681,No
IMP-313342,TPIN1000000059,Import,2024-07-17,144313,Malawi,96.22,Electronics,7216,23090,Yes
IMP-5533534,TPIN1000000059,Import,2024-07-14,424054,South Africa,49.46,Food Products,21203,67849,Yes
IMP-3018843,TPIN1000000060,Import,2024-09-05,468635,South Africa,97.79,Textiles,23432,74982,Yes
EXP-5047685,TPIN1000000060,Export,2024-07-08,402143,Tanzania,34.70,Textiles,20107,0,Yes
EXP-9139092,TPIN1000000064,Export,2024-03-26,432574,UAE,38.83,Copper,21629,0,No
EXP-1369737,TPIN1000000064,Export,2024-01-31,98266,UK,16.41,Copper,4913,0,Yes
IMP-1913825,TPIN1000000064,Import,2024-04-09,425034,UK,21.21,Machinery,21252,68005,Yes
EXP-234726,TPIN1000000067,Export,2024-11-01,482803,Botswana,68.75,Textiles,24140,0,No
EXP-3894395,TPIN1000000068,Export,2023-12-25,364209,Botswana,81.4,Copper,18210,0,Yes
IMP-2635682,TPIN1000000068,Import,2024-01-31,150316,UAE,0.40,Copper,7516,24051,No
IMP-4403911,TPIN1000000068,Import,2024-02-25,287447,UAE,72.3,Electronics,14372,45991,No
IMP-4342541,TPIN1000000071,Import,2024-05-29,129206,Botswana,72.37,Copper,6460,20673,Yes
IMP-174630,TPIN1000000074,Import,2024-06-13,402495,DRC,57.89,Textiles,20125,64399,Yes
EXP-2503685,TPIN1000000074,Export,2024-06-06,426813,UK,95.94,Food Products,21341,0,Yes
IMP-830144,TPIN1000000074,Import,2024-03-28,419157,Tanzania,5.91,Machinery,20958,67065,No
EXP-8471747,TPIN1000000076,Export,2024-02-27,91702,South Africa,44.33,Copper,4585,0,No
IMP-6419534,TPIN1000000076,Import,2024-01-30,349044,DRC,35.29,Food Products,17452,55847,No
EXP-4063793,TPIN1000000077,Export,2024-06-17,175383,Malawi,73.53,Copper,8769,0,No
IMP-6995406,TPIN1000000077,Import,2024-08-22,545217,Malawi,14.32,Copper,27261,87235,Yes
IMP-8335260,TPIN1000000079,Import,2024-09-11,389465,Tanzania,76.53,Food Products,19473,62314,Yes
EXP-1059238,TPIN1000000079,Export,2024-10-29,502902,UAE,53.35,Electronics,25145,0,No
IMP-818901,TPIN1000000079,Import,2024-09-13,327284,Botswana,91.13,Electronics,16364,52366,Yes
EXP-7466839,TPIN1000000080,Export,2024-07-22,100315,Tanzania,3.42,Textiles,5016,0,No
IMP-5817942,TPIN1000000080,Import,2024-08-12,180994,UAE,62.70,Machinery,9050,28959,Yes
IMP-574517,TPIN1000000083,Import,2024-10-29,483734,Botswana,60.58,Machinery,24187,77397,Yes
IMP-9462830,TPIN1000000085,Import,2024-07-21,78540,China,11.19,Machinery,3927,12566,Yes
IMP-1980912,TPIN1000000087,Import,2023-12-19,340198,Zimbabwe,28.72,Textiles,17010,54432,Yes
IMP-7491685,TPIN1000000089,Import,2024-04-30,84262,Tanzania,13.60,Copper,4213,13482,Yes
EXP-3368649,TPIN1000000090,Export,2024-06-26,168587,UK,88.8,Electronics,8429,0,No
EXP-7692375,TPIN1000000090,Export,2024-07-16,151955,UK,98.44,Food Products,7598,0,Yes
EXP-8786879,TPIN1000000090,Export,2024-09-07,160309,UK,76.45,Copper,8015,0,Yes
EXP-3822802,TPIN1000000092,Export,2024-01-19,227729,UAE,12.62,Machinery,11386,0,Yes
EXP-4122394,TPIN1000000092,Export,2024-02-16,400638,UK,39.58,Machinery,20032,0,Yes
EXP-2851430,TPIN1000000092,Export,2024-01-13,107676,Botswana,14.61,Electronics,5384,0,Yes
IMP-5991303,TPIN1000000095,Import,2023-11-17,175560,Tanzania,37.65,Machinery,8778,28090,No
IMP-736332,TPIN1000000096,Import,2024-03-02,190728,UAE,48.40,Textiles,9536,30516,No
EXP-3609916,TPIN1000000097,Export,2024-02-21,171426,Botswana,57.71,Copper,8571,0,No
IMP-8027480,TPIN1000000097,Import,2024-02-10,318748,Zimbabwe,79.94,Machinery,15937,51000,No
IMP-138480,TPIN1000000097,Import,2024-03-05,124827,Botswana,73.31,Textiles,6241,19972,Yes
IMP-6818920,TPIN1000000098,Import,2024-06-06,313673,Tanzania,36.16,Food Products,15684,50188,No
IMP-1795794,TPIN1000000098,Import,2024-06-11,400524,UAE,83.1,Machinery,20026,64084,Yes
IMP-7112228,TPIN1000000099,Import,2024-11-06,175287,UK,69.44,Copper,8764,28046,No
EXP-3988386,TPIN1000000099,Export,2024-11-20,138740,Zimbabwe,11.76,Electronics,6937,0,Yes
IMP-5868315,TPIN1000000099,Import,2024-10-30,87613,South Africa,31.53,Textiles,4381,14018,Yes
IMP-2070294,TPIN1000000100,Import,2023-12-20,512304,UAE,90.10,Electronics,25615,81969,No
EXP-3422058,TPIN1000000100,Export,2024-01-04,310495,South Africa,55.48,Food Products,15525,0,No
IMP-7341346,TPIN1000000100,Import,2023-12-28,222384,China,57.0,Food Products,11119,35581,Yes
EXP-1619219,TPIN1000000102,Export,2023-11-24,220276,South Africa,6.70,Food Products,11014,0,No
IMP-4650372,TPIN1000000102,Import,2023-11-09,220730,Botswana,82.8,Machinery,11037,35317,No
IMP-3294596,TPIN1000000103,Import,2024-08-06,350294,UK,65.69,Food Products,17515,56047,No
IMP-8031339,TPIN1000000103,Import,2024-08-13,497007,DRC,44.72,Copper,24850,79521,Yes
EXP-1958700,TPIN1000000107,Export,2024-03-02,378909,UK,32.61,Electronics,18945,0,No
IMP-6666894,TPIN1000000107,Import,2024-03-02,380821,DRC,3.44,Textiles,19041,60931,Yes
EXP-5815286,TPIN1000000110,Export,2024-03-15,143727,South Africa,89.93,Textiles,7186,0,Yes
IMP-5883075,TPIN1000000110,Import,2024-05-16,394228,Malawi,39.98,Machinery,19711,63077,Yes
EXP-9784963,TPIN1000000110,Export,2024-05-17,342912,Botswana,17.39,Copper,17146,0,No
IMP-8694568,TPIN1000000112,Import,2024-06-30,59639,China,86.60,Machinery,2982,9542,Yes
IMP-3929303,TPIN1000000112,Import,2024-09-15,248086,South Africa,88.25,Food Products,12404,39694,Yes
IMP-6784746,TPIN1000000113,Import,2024-09-17,486407,Botswana,37.11,Electronics,24320,77825,Yes
EXP-3361020,TPIN1000000116,Export,2024-06-10,418074,Zimbabwe,96.10,Electronics,20904,0,No
EXP-115021,TPIN1000000117,Export,2024-06-24,496760,Malawi,53.63,Electronics,24838,0,Yes
EXP-7478912,TPIN1000000117,Export,2024-06-30,149908,China,36.23,Food Products,7495,0,Yes
IMP-2364303,TPIN1000000119,Import,2024-07-15,309083,UK,33.59,Textiles,15454,49453,No
IMP-1939201,TPIN1000000121,Import,2024-07-18,282038,South Africa,57.43,Copper,14102,45126,Yes
IMP-8139206,TPIN1000000131,Import,2024-08-16,511476,DRC,40.28,Copper,25574,81836,No
EXP-5607739,TPIN1000000139,Export,2024-04-10,387378,Zimbabwe,89.18,Food Products,19369,0,No
IMP-4652455,TPIN1000000140,Import,2024-05-27,288313,UK,63.9,Electronics,14416,46130,No
IMP-8073727,TPIN1000000140,Import,2024-04-08,230561,China,54.56,Machinery,11528,36890,Yes
EXP-5836813,TPIN1000000140,Export,2024-04-19,198980,UK,20.43,Copper,9949,0,Yes
IMP-3725581,TPIN1000000141,Import,2024-09-24,257875,UK,95.66,Machinery,12894,41260,Yes
EXP-4267969,TPIN1000000141,Export,2024-11-25,234167,Botswana,68.35,Copper,11708,0,No
IMP-8562131,TPIN1000000141,Import,2024-09-30,230930,UAE,73.7,Textiles,11546,36949,No
EXP-2980175,TPIN1000000142,Export,2024-02-07,259970,Malawi,71.36,Copper,12999,0,Yes
IMP-6167923,TPIN1000000142,Import,2024-03-20,368932,China,35.47,Electronics,18447,59029,No
EXP-7429011,TPIN1000000146,Export,2024-01-02,372322,UK,10.4,Electronics,18616,0,Yes
EXP-138400,TPIN1000000146,Export,2024-02-01,422430,Malawi,83.70,Machinery,21121,0,No
IMP-5884009,TPIN1000000148,Import,2024-06-09,95725,UAE,65.10,Textiles,4786,15316,Yes
EXP-7264664,TPIN1000000155,Export,2024-04-09,200690,Tanzania,1.17,Electronics,10035,0,Yes
EXP-2500465,TPIN1000000163,Export,2024-10-31,479464,Zimbabwe,34.83,Textiles,23973,0,Yes
IMP-3806379,TPIN1000000164,Import,2024-02-04,203539,DRC,74.74,Food Products,10177,32566,Yes
IMP-3278488,TPIN1000000164,Import,2024-02-01,163177,China,8.76,Textiles,8159,26108,Yes
IMP-223187,TPIN1000000165,Import,2024-06-25,209012,Zimbabwe,63.94,Food Products,10451,33442,Yes
EXP-6944541,TPIN1000000167,Export,2024-06-17,139867,Zimbabwe,60.95,Electronics,6993,0,Yes
EXP-9735601,TPIN1000000167,Export,2024-05-29,130229,Zimbabwe,37.19,Food Products,6511,0,Yes
EXP-5849740,TPIN1000000167,Export,2024-07-18,296844,South Africa,8.86,Copper,14842,0,Yes
IMP-1115039,TPIN1000000168,Import,2024-05-24,186239,UK,88.41,Machinery,9312,29798,Yes
EXP-2953838,TPIN1000000168,Export,2024-03-31,243363,UAE,23.59,Electronics,12168,0,Yes
EXP-2393575,TPIN1000000168,Export,2024-04-07,354007,DRC,49.70,Textiles,17700,0,Yes
IMP-6560261,TPIN1000000171,Import,2024-09-14,351951,UAE,49.68,Textiles,17598,56312,Yes
IMP-4758229,TPIN1000000171,Import,2024-09-17,130765,DRC,54.24,Machinery,6538,20922,Yes
IMP-6506411,TPIN1000000171,Import,2024-07-15,194886,DRC,81.42,Textiles,9744,31182,Yes
IMP-2710051,TPIN1000000173,Import,2024-06-04,204820,Botswana,12.83,Copper,10241,32771,Yes
IMP-9959324,TPIN1000000174,Import,2024-01-02,304851,Botswana,10.56,Machinery,15243,48776,Yes
IMP-6039250,TPIN1000000174,Import,2023-12-15,143939,South Africa,93.60,Textiles,7197,23030,Yes
EXP-2819780,TPIN1000000174,Export,2023-11-04,129888,Malawi,12.32,Copper,6494,0,Yes
EXP-3275181,TPIN1000000176,Export,2024-09-25,439317,UK,95.87,Textiles,21966,0,Yes
EXP-4643403,TPIN1000000176,Export,2024-10-11,438569,Zimbabwe,0.98,Machinery,21928,0,Yes
EXP-6930828,TPIN1000000177,Export,2024-06-12,135245,South Africa,86.85,Electronics,6762,0,Yes
IMP-127799,TPIN1000000178,Import,2024-07-18,339484,UK,64.33,Machinery,16974,54317,Yes
IMP-3354208,TPIN1000000178,Import,2024-07-13,193151,South Africa,46.50,Electronics,9658,30904,Yes
IMP-475033,TPIN1000000179,Import,2024-07-20,233498,UAE,38.90,Food Products,11675,37360,Yes
IMP-3614980,TPIN1000000179,Import,2024-06-25,115655,Zimbabwe,45.36,Electronics,5783,18505,Yes
EXP-7561034,TPIN1000000179,Export,2024-06-12,301373,China,72.62,Food Products,15069,0,Yes
IMP-1969578,TPIN1000000183,Import,2024-10-27,458272,Zimbabwe,5.61,Textiles,22914,73323,Yes
IMP-8639791,TPIN1000000183,Import,2024-12-15,113163,Botswana,25.17,Machinery,5658,18106,Yes
EXP-4137456,TPIN1000000185,Export,2024-01-14,140819,Zimbabwe,81.57,Machinery,7041,0,Yes
IMP-2911782,TPIN1000000186,Import,2024-06-15,139731,UK,78.24,Food Products,6987,22357,Yes
EXP-7979951,TPIN1000000186,Export,2024-09-10,391707,Zimbabwe,24.57,Machinery,19585,0,Yes
EXP-2627428,TPIN1000000186,Export,2024-06-28,171928,China,66.56,Textiles,8596,0,Yes
EXP-6326559,TPIN1000000187,Export,2024-05-06,404347,UK,73.95,Copper,20217,0,Yes
IMP-852092,TPIN1000000187,Import,2024-03-06,345068,China,54.78,Copper,17253,55211,Yes
EXP-3367594,TPIN1000000187,Export,2024-05-11,85752,Tanzania,87.95,Food Products,4288,0,Yes
EXP-3785323,TPIN1000000188,Export,2023-10-21,127374,UK,90.44,Electronics,6369,0,Yes
EXP-5503399,TPIN1000000188,Export,2023-10-27,67977,DRC,63.63,Machinery,3399,0,Yes
EXP-5103144,TPIN1000000189,Export,2024-07-26,506958,China,72.49,Copper,25348,0,Yes
IMP-4062374,TPIN1000000190,Import,2023-12-28,363096,Zimbabwe,89.71,Textiles,18155,58095,Yes
EXP-3038581,TPIN1000000190,Export,2024-01-14,360148,DRC,96.76,Machinery,18007,0,Yes
IMP-2400809,TPIN1000000191,Import,2024-09-15,413514,UK,74.13,Textiles,20676,66162,Yes
EXP-5908090,TPIN1000000191,Export,2024-07-20,219338,Malawi,92.82,Food Products,10967,0,Yes
EXP-6208850,TPIN1000000192,Export,2024-09-13,391055,China,59.44,Food Products,19553,0,Yes
IMP-4761813,TPIN1000000192,Import,2024-09-11,423821,UK,50.11,Machinery,21191,67811,Yes
IMP-6422115,TPIN1000000192,Import,2024-09-19,547543,Zimbabwe,72.10,Food Products,27377,87607,Yes
IMP-8385119,TPIN1000000194,Import,2024-07-05,375585,China,71.3,Electronics,18779,60094,Yes
EXP-9205447,TPIN1000000194,Export,2024-07-03,88075,Botswana,30.69,Machinery,4404,0,Yes
IMP-5687566,TPIN1000000194,Import,2024-05-23,72156,Botswana,73.15,Food Products,3608,11545,Yes
EXP-9863109,TPIN1000000195,Export,2024-09-08,241608,UAE,92.18,Electronics,12080,0,Yes
IMP-6049526,TPIN1000000198,Import,2024-07-18,220144,UK,25.69,Electronics,11007,35223,Yes
IMP-8580011,TPIN1000000200,Import,2024-09-20,56378,Botswana,58.5,Food Products,2819,9021,Yes
EXP-4258726,TPIN1000000201,Export,2024-09-24,79663,UK,60.31,Electronics,3983,0,Yes
EXP-5042644,TPIN1000000201,Export,2024-08-18,225184,Malawi,49.61,Textiles,11259,0,Yes
EXP-8425613,TPIN1000000202,Export,2024-08-23,238762,Botswana,78.95,Copper,11938,0,Yes
EXP-6403446,TPIN1000000202,Export,2024-08-08,115052,South Africa,80.43,Copper,5753,0,Yes
EXP-501002,TPIN1000000202,Export,2024-09-05,160445,South Africa,23.96,Electronics,8022,0,Yes
IMP-6128910,TPIN1000000204,Import,2024-03-14,201090,Zimbabwe,15.62,Machinery,10055,32174,Yes
EXP-8782083,TPIN1000000206,Export,2024-02-05,384278,Botswana,33.95,Textiles,19214,0,Yes
IMP-7296545,TPIN1000000206,Import,2024-01-28,469170,UK,35.42,Textiles,23458,75067,Yes
EXP-2467361,TPIN1000000206,Export,2024-03-05,71213,UAE,74.54,Machinery,3561,0,Yes
IMP-5291967,TPIN1000000210,Import,2023-12-17,149978,Tanzania,7.48,Textiles,7499,23997,Yes
IMP-5580857,TPIN1000000212,Import,2024-11-28,91082,Zimbabwe,40.34,Electronics,4554,14573,Yes
EXP-3551459,TPIN1000000212,Export,2024-10-02,179688,South Africa,80.96,Machinery,8984,0,Yes
EXP-5138466,TPIN1000000214,Export,2024-08-15,525021,South Africa,84.83,Food Products,26251,0,Yes
IMP-875472,TPIN1000000214,Import,2024-08-02,285351,UAE,47.27,Textiles,14268,45656,Yes
IMP-8523066,TPIN1000000214,Import,2024-07-22,209823,DRC,54.11,Copper,10491,33572,Yes
IMP-2098404,TPIN1000000215,Import,2024-10-31,73326,Zimbabwe,53.81,Copper,3666,11732,Yes
EXP-4308731,TPIN1000000215,Export,2024-09-27,421723,Tanzania,3.27,Textiles,21086,0,Yes
IMP-7803315,TPIN1000000216,Import,2024-06-12,173413,Tanzania,35.40,Electronics,8671,27746,Yes
EXP-7638544,TPIN1000000218,Export,2024-07-31,441660,UK,50.65,Food Products,22083,0,Yes
EXP-1845315,TPIN1000000218,Export,2024-07-02,281397,Zimbabwe,25.16,Copper,14070,0,Yes
IMP-9090823,TPIN1000000218,Import,2024-07-29,70805,Botswana,75.21,Machinery,3540,11329,Yes
EXP-454655,TPIN1000000219,Export,2024-02-03,361385,Botswana,26.30,Electronics,18069,0,Yes
IMP-4993827,TPIN1000000219,Import,2024-02-11,272186,South Africa,0.27,Textiles,13609,43550,Yes
IMP-8846937,TPIN1000000220,Import,2024-05-01,467661,Malawi,31.37,Copper,23383,74826,Yes
EXP-1846129,TPIN1000000222,Export,2024-05-11,107480,Tanzania,61.37,Electronics,5374,0,Yes
EXP-8534519,TPIN1000000222,Export,2024-05-26,494805,Botswana,81.3,Electronics,24740,0,Yes
EXP-4921192,TPIN1000000222,Export,2024-06-04,308241,Zimbabwe,43.24,Food Products,15412,0,Yes
IMP-245668,TPIN1000000223,Import,2024-11-08,63066,Malawi,31.61,Food Products,3153,10091,Yes
IMP-1852747,TPIN1000000224,Import,2024-08-18,311057,China,23.92,Machinery,15553,49769,Yes
EXP-9943924,TPIN1000000227,Export,2024-11-21,220216,Botswana,40.61,Copper,11011,0,Yes
EXP-1618444,TPIN1000000230,Export,2024-07-18,281773,Botswana,72.11,Food Products,14089,0,Yes
EXP-4939439,TPIN1000000231,Export,2024-03-25,533569,Tanzania,9.32,Electronics,26678,0,Yes
EXP-5760249,TPIN1000000231,Export,2024-03-25,402527,Botswana,13.93,Electronics,20126,0,Yes
IMP-9985701,TPIN1000000231,Import,2024-02-19,269007,Malawi,77.29,Textiles,13450,43041,Yes
EXP-9092100,TPIN1000000232,Export,2024-05-09,433178,South Africa,15.59,Electronics,21659,0,Yes
IMP-8981384,TPIN1000000233,Import,2024-08-04,241489,China,85.5,Machinery,12074,38638,Yes
IMP-5875005,TPIN1000000233,Import,2024-09-08,385584,Botswana,30.20,Machinery,19279,61693,Yes
EXP-4290234,TPIN1000000234,Export,2024-01-02,463692,Malawi,38.5,Machinery,23185,0,Yes
EXP-7036954,TPIN1000000234,Export,2023-12-31,534178,Zimbabwe,41.7,Machinery,26709,0,Yes
IMP-7400744,TPIN1000000238,Import,2024-04-09,533883,China,52.89,Machinery,26694,85421,Yes
EXP-9309952,TPIN1000000244,Export,2024-02-26,301547,Malawi,50.77,Copper,15077,0,Yes
IMP-9233361,TPIN1000000245,Import,2023-12-09,72651,Botswana,83.3,Electronics,3633,11624,Yes
IMP-9417557,TPIN1000000246,Import,2024-04-05,528434,UK,18.63,Textiles,26422,84549,Yes
IMP-8938494,TPIN1000000246,Import,2024-03-27,187140,Zimbabwe,86.58,Machinery,9357,29942,Yes
IMP-7337155,TPIN1000000247,Import,2024-01-11,167056,Zimbabwe,76.20,Electronics,8353,26729,Yes
IMP-2482000,TPIN1000000247,Import,2023-11-20,174193,Zimbabwe,67.33,Food Products,8710,27871,Yes
EXP-8155180,TPIN1000000248,Export,2024-08-05,110854,South Africa,42.31,Textiles,5543,0,Yes
IMP-1892617,TPIN1000000248,Import,2024-06-23,334325,UK,62.40,Copper,16716,53492,Yes
IMP-338182,TPIN1000000248,Import,2024-06-08,275819,DRC,4.17,Electronics,13791,44131,Yes
IMP-6239233,TPIN1000000250,Import,2024-09-12,378165,South Africa,98.84,Machinery,18908,60506,Yes
IMP-2596306,TPIN1000000250,Import,2024-10-26,373136,China,11.71,Food Products,18657,59702,Yes
EXP-732328,TPIN1000000250,Export,2024-10-24,65226,China,5.60,Electronics,3261,0,Yes
EXP-8020225,TPIN1000000253,Export,2024-07-20,376682,DRC,46.22,Food Products,18834,0,Yes
EXP-1966970,TPIN1000000253,Export,2024-08-17,521955,Tanzania,51.97,Machinery,26098,0,Yes
IMP-447031,TPIN1000000253,Import,2024-08-04,137016,Tanzania,13.88,Textiles,6851,21923,Yes
EXP-3317599,TPIN1000000256,Export,2024-06-13,389904,Tanzania,27.45,Machinery,19495,0,Yes
EXP-3313023,TPIN1000000257,Export,2024-01-12,245087,China,50.77,Machinery,12254,0,Yes
IMP-299469,TPIN1000000258,Import,2024-06-27,136985,South Africa,6.59,Food Products,6849,21918,Yes
IMP-9666748,TPIN1000000258,Import,2024-05-04,55885,Malawi,48.7,Electronics,2794,8942,Yes
EXP-7090895,TPIN1000000258,Export,2024-07-13,325073,Tanzania,81.60,Food Products,16254,0,Yes
IMP-2535779,TPIN1000000259,Import,2024-10-08,316162,Tanzania,46.25,Machinery,15808,50586,Yes
EXP-50077,TPIN1000000261,Export,2024-07-21,407148,UK,87.53,Textiles,20357,0,Yes
IMP-9410547,TPIN1000000261,Import,2024-06-25,72276,South Africa,20.9,Food Products,3614,11564,Yes
IMP-1659118,TPIN1000000262,Import,2023-12-25,508837,UK,57.2,Machinery,25442,81414,Yes
EXP-6588019,TPIN1000000262,Export,2023-12-27,307317,China,47.55,Copper,15366,0,Yes
IMP-3293230,TPIN1000000262,Import,2023-11-26,199925,Zimbabwe,52.14,Textiles,9996,31988,Yes
IMP-7903392,TPIN1000000264,Import,2024-05-03,341781,UAE,67.69,Copper,17089,54685,Yes
IMP-5981248,TPIN1000000264,Import,2024-07-05,288633,DRC,47.77,Textiles,14432,46181,Yes
IMP-5447674,TPIN1000000264,Import,2024-05-17,130679,China,98.76,Copper,6534,20909,Yes
EXP-8984619,TPIN1000000265,Export,2024-02-05,251901,Tanzania,4.60,Textiles,12595,0,Yes
EXP-2005285,TPIN1000000265,Export,2024-01-30,432599,Botswana,80.23,Copper,21630,0,Yes
IMP-8377964,TPIN1000000266,Import,2024-05-23,437377,UAE,95.57,Electronics,21869,69980,Yes
IMP-694709,TPIN1000000266,Import,2024-04-22,66532,UK,19.63,Machinery,3327,10645,Yes
EXP-477287,TPIN1000000267,Export,2024-10-03,109059,UAE,14.57,Textiles,5453,0,Yes
EXP-7876354,TPIN1000000267,Export,2024-09-25,468536,UAE,38.2,Copper,23427,0,Yes
EXP-6601913,TPIN1000000268,Export,2024-08-25,325934,Tanzania,62.93,Electronics,16297,0,Yes
IMP-9904697,TPIN1000000268,Import,2024-07-08,547942,Botswana,98.53,Electronics,27397,87671,Yes
EXP-883711,TPIN1000000268,Export,2024-08-06,428436,UK,40.84,Food Products,21422,0,Yes
EXP-8654656,TPIN1000000271,Export,2024-04-23,208082,Botswana,80.64,Machinery,10404,0,Yes
EXP-3335819,TPIN1000000271,Export,2024-03-19,370993,Botswana,81.25,Machinery,18550,0,Yes
IMP-1408925,TPIN1000000274,Import,2024-05-30,235188,Botswana,62.67,Electronics,11759,37630,Yes
IMP-4591101,TPIN1000000275,Import,2024-07-25,89258,Botswana,93.87,Machinery,4463,14281,Yes
IMP-7464755,TPIN1000000275,Import,2024-07-14,290514,China,82.16,Machinery,14526,46482,Yes
IMP-8775067,TPIN1000000276,Import,2024-02-18,458272,UAE,26.47,Machinery,22914,73324,Yes
IMP-2241816,TPIN1000000277,Import,2024-03-24,238582,South Africa,68.92,Copper,11929,38173,Yes
IMP-718697,TPIN1000000277,Import,2024-03-31,432741,Tanzania,97.66,Textiles,21637,69239,Yes
IMP-4415657,TPIN1000000278,Import,2024-01-13,69597,Tanzania,34.28,Electronics,3480,11136,Yes
EXP-9723647,TPIN1000000278,Export,2024-02-03,163959,Botswana,14.19,Food Products,8198,0,Yes
IMP-2289011,TPIN1000000279,Import,2024-10-22,357645,China,91.34,Textiles,17882,57223,Yes
EXP-4166588,TPIN1000000279,Export,2024-10-24,507574,Tanzania,23.81,Textiles,25379,0,Yes
EXP-8099739,TPIN1000000279,Export,2024-09-18,195860,UK,4.18,Food Products,9793,0,Yes
IMP-2571021,TPIN1000000280,Import,2024-08-12,317718,Zimbabwe,1.73,Machinery,15886,50835,Yes
IMP-5685686,TPIN1000000280,Import,2024-07-13,85142,China,2.73,Electronics,4257,13623,Yes
IMP-8556077,TPIN1000000284,Import,2024-08-07,429334,Zimbabwe,73.8,Electronics,21467,68693,Yes
IMP-3616141,TPIN1000000284,Import,2024-06-25,409850,Botswana,48.64,Textiles,20493,65576,Yes
EXP-1348266,TPIN1000000286,Export,2024-11-14,302446,Malawi,43.88,Food Products,15122,0,Yes
IMP-441291,TPIN1000000289,Import,2024-01-10,309380,DRC,87.71,Copper,15469,49501,Yes
IMP-4062351,TPIN1000000289,Import,2024-01-14,301667,China,63.75,Electronics,15083,48267,Yes
EXP-2825987,TPIN1000000289,Export,2024-03-13,242712,DRC,75.77,Food Products,12136,0,Yes
EXP-947640,TPIN1000000291,Export,2024-10-31,285564,Zimbabwe,79.45,Copper,14278,0,Yes
EXP-1183230,TPIN1000000291,Export,2024-09-02,537455,Botswana,6.74,Textiles,26873,0,Yes
EXP-3618172,TPIN1000000291,Export,2024-09-17,458761,UAE,22.55,Textiles,22938,0,Yes
IMP-7554679,TPIN1000000292,Import,2024-05-13,281112,Botswana,61.98,Copper,14056,44978,Yes
EXP-4609578,TPIN1000000292,Export,2024-06-16,362304,DRC,62.4,Electronics,18115,0,Yes
IMP-1180171,TPIN1000000293,Import,2024-03-18,141884,Botswana,90.93,Electronics,7094,22701,Yes
EXP-5016353,TPIN1000000295,Export,2024-09-10,288730,China,87.2,Textiles,14436,0,Yes
EXP-2551578,TPIN1000000295,Export,2024-08-02,89760,South Africa,58.40,Textiles,4488,0,Yes
IMP-9099780,TPIN1000000296,Import,2024-02-02,126175,DRC,34.85,Copper,6309,20188,Yes
IMP-2072650,TPIN1000000296,Import,2024-03-08,434333,Zimbabwe,93.56,Machinery,21717,69493,Yes
IMP-1144391,TPIN1000000296,Import,2024-03-23,370224,Tanzania,82.9,Food Products,18511,59236,Yes
IMP-2415597,TPIN1000000297,Import,2024-11-17,416907,UK,80.75,Copper,20845,66705,Yes
IMP-3613610,TPIN1000000300,Import,2023-11-22,477930,South Africa,77.62,Copper,23897,76469,Yes
IMP-8108267,TPIN1000000300,Import,2023-12-03,150108,South Africa,71.46,Electronics,7505,24017,Yes
IMP-2134034,TPIN1000000300,Import,2023-10-22,82627,UAE,56.77,Textiles,4131,13220,Yes
EXP-3104279,TPIN1000000301,Export,2023-12-28,108777,Botswana,1.76,Machinery,5439,0,Yes
IMP-9571543,TPIN1000000301,Import,2023-11-22,401200,China,66.93,Food Products,20060,64192,Yes
IMP-8816253,TPIN1000000304,Import,2024-02-21,261252,UK,50.68,Textiles,13063,41800,Yes
IMP-7113729,TPIN1000000304,Import,2024-01-31,395586,Malawi,3.76,Food Products,19779,63294,Yes
EXP-2957227,TPIN1000000304,Export,2024-04-05,375521,Malawi,75.10,Machinery,18776,0,Yes
EXP-7409465,TPIN1000000305,Export,2024-08-03,463974,South Africa,16.4,Food Products,23199,0,Yes
EXP-3181255,TPIN1000000305,Export,2024-08-24,221631,South Africa,46.78,Food Products,11082,0,Yes
EXP-3025685,TPIN1000000305,Export,2024-09-02,119114,Zimbabwe,89.80,Electronics,5956,0,Yes
EXP-7186318,TPIN1000000306,Export,2024-08-18,522340,UK,55.19,Electronics,26117,0,Yes
IMP-9319990,TPIN1000000306,Import,2024-06-11,460928,Malawi,7.0,Textiles,23046,73748,Yes
IMP-9653132,TPIN1000000306,Import,2024-07-29,86043,UAE,74.87,Machinery,4302,13767,Yes
IMP-8491431,TPIN1000000307,Import,2024-10-12,488446,Malawi,28.48,Food Products,24422,78151,Yes
EXP-5209836,TPIN1000000307,Export,2024-10-21,338850,UK,42.85,Textiles,16942,0,Yes
IMP-8678218,TPIN1000000307,Import,2024-12-07,292501,Malawi,65.83,Machinery,14625,46800,Yes
EXP-5839928,TPIN1000000308,Export,2023-12-19,155053,UK,62.6,Electronics,7753,0,Yes
IMP-9272869,TPIN1000000310,Import,2024-01-07,150042,Malawi,14.93,Textiles,7502,24007,Yes
EXP-9276652,TPIN1000000310,Export,2024-01-05,288531,Malawi,74.21,Food Products,14427,0,Yes
EXP-8287838,TPIN1000000312,Export,2024-01-30,491825,DRC,94.1,Textiles,24591,0,Yes
EXP-3085911,TPIN1000000312,Export,2024-01-29,274859,Tanzania,69.3,Electronics,13743,0,Yes
EXP-3526944,TPIN1000000312,Export,2023-12-15,261949,China,12.34,Machinery,13097,0,Yes
IMP-7781390,TPIN1000000313,Import,2024-03-27,293045,UAE,25.31,Food Products,14652,46887,Yes
EXP-9848077,TPIN1000000315,Export,2024-10-02,349972,UAE,43.21,Copper,17499,0,Yes
EXP-7648419,TPIN1000000316,Export,2023-11-19,521146,Tanzania,17.22,Food Products,26057,0,Yes
EXP-9165001,TPIN1000000318,Export,2024-05-14,347967,Zimbabwe,32.93,Electronics,17398,0,Yes
IMP-7354966,TPIN1000000318,Import,2024-05-27,345887,Tanzania,18.8,Copper,17294,55342,Yes
IMP-5680936,TPIN1000000320,Import,2024-05-01,189830,DRC,63.67,Machinery,9492,30373,Yes
IMP-922616,TPIN1000000320,Import,2024-03-04,97681,Botswana,50.76,Textiles,4884,15629,Yes
EXP-7420694,TPIN1000000320,Export,2024-04-12,523969,South Africa,18.21,Machinery,26198,0,Yes
IMP-9454313,TPIN1000000327,Import,2024-03-27,477054,Tanzania,35.44,Machinery,23853,76329,Yes
IMP-1111018,TPIN1000000327,Import,2024-03-05,136461,Botswana,45.50,Machinery,6823,21834,Yes
EXP-5162325,TPIN1000000327,Export,2024-01-12,123364,UAE,22.24,Textiles,6168,0,Yes
EXP-3614346,TPIN1000000330,Export,2024-11-01,516198,China,94.81,Electronics,25810,0,Yes
IMP-5296163,TPIN1000000331,Import,2024-02-24,208129,China,56.64,Electronics,10406,33301,Yes
IMP-1557233,TPIN1000000332,Import,2024-08-20,266427,Botswana,83.51,Copper,13321,42628,Yes
EXP-1295536,TPIN1000000334,Export,2024-02-15,275826,Tanzania,25.57,Machinery,13791,0,Yes
IMP-3567726,TPIN1000000339,Import,2024-09-25,78415,Zimbabwe,27.59,Machinery,3921,12546,Yes
IMP-6534597,TPIN1000000339,Import,2024-07-27,278245,Botswana,90.35,Textiles,13912,44519,Yes
IMP-8663000,TPIN1000000342,Import,2023-12-23,351992,UAE,13.37,Electronics,17600,56319,Yes
IMP-1348236,TPIN1000000342,Import,2023-12-15,67376,China,1.48,Machinery,3369,10780,Yes
EXP-9462848,TPIN1000000342,Export,2023-11-09,246424,DRC,84.47,Machinery,12321,0,Yes
IMP-3948005,TPIN1000000350,Import,2024-06-23,546021,South Africa,66.57,Copper,27301,87363,Yes
EXP-8653918,TPIN1000000355,Export,2024-02-28,180289,DRC,30.16,Textiles,9014,0,Yes
EXP-4688444,TPIN1000000355,Export,2024-02-05,492469,UAE,36.76,Food Products,24623,0,Yes
EXP-4570101,TPIN1000000356,Export,2024-09-18,402822,South Africa,93.36,Copper,20141,0,Yes
EXP-4852924,TPIN1000000356,Export,2024-10-01,441838,UAE,39.32,Electronics,22092,0,Yes
IMP-1021695,TPIN1000000357,Import,2024-08-06,390775,South Africa,14.82,Textiles,19539,62524,Yes
IMP-5739398,TPIN1000000357,Import,2024-08-20,191161,UAE,53.3,Textiles,9558,30586,Yes
IMP-3225061,TPIN1000000360,Import,2024-07-19,355843,Malawi,8.42,Copper,17792,56935,Yes
EXP-7120127,TPIN1000000363,Export,2024-02-08,262042,DRC,11.23,Copper,13102,0,Yes
IMP-2348044,TPIN1000000366,Import,2024-02-19,192807,China,40.77,Textiles,9640,30849,Yes
EXP-4691652,TPIN1000000367,Export,2024-08-24,437144,Tanzania,84.44,Food Products,21857,0,Yes
IMP-7467668,TPIN1000000367,Import,2024-08-10,301547,Malawi,50.18,Machinery,15077,48248,Yes
EXP-3195546,TPIN1000000367,Export,2024-09-20,536670,UAE,95.89,Textiles,26833,0,Yes
IMP-3294586,TPIN1000000369,Import,2024-03-31,323027,China,18.57,Machinery,16151,51684,Yes
IMP-3119325,TPIN1000000369,Import,2024-05-26,544215,DRC,93.71,Food Products,27211,87074,Yes
IMP-4893519,TPIN1000000371,Import,2024-11-17,231224,Botswana,75.3,Electronics,11561,36996,Yes
EXP-4913046,TPIN1000000372,Export,2024-05-26,409797,Botswana,98.88,Machinery,20490,0,Yes
IMP-9895747,TPIN1000000372,Import,2024-06-08,340081,DRC,36.35,Textiles,17004,54413,Yes
IMP-3719345,TPIN1000000374,Import,2024-06-30,139699,China,79.88,Food Products,6985,22352,Yes
EXP-3505653,TPIN1000000374,Export,2024-07-17,65912,Tanzania,74.6,Copper,3296,0,Yes
IMP-331822,TPIN1000000377,Import,2024-07-26,93040,Botswana,18.58,Food Products,4652,14886,Yes
EXP-780232,TPIN1000000377,Export,2024-07-26,459427,UK,82.50,Textiles,22971,0,Yes
EXP-7919126,TPIN1000000377,Export,2024-08-09,521633,South Africa,80.74,Copper,26082,0,Yes
IMP-8561385,TPIN1000000379,Import,2024-02-10,506664,Botswana,22.92,Electronics,25333,81066,Yes
EXP-8089196,TPIN1000000379,Export,2024-03-09,286923,DRC,5.90,Electronics,14346,0,Yes
EXP-7006599,TPIN1000000379,Export,2024-04-19,502510,Zimbabwe,1.74,Textiles,25125,0,Yes
IMP-6989040,TPIN1000000380,Import,2024-06-06,528132,Tanzania,30.48,Copper,26407,84501,Yes
EXP-3191546,TPIN1000000380,Export,2024-07-16,86173,DRC,61.44,Copper,4309,0,Yes
EXP-3269027,TPIN1000000385,Export,2024-03-19,67359,Zimbabwe,19.81,Food Products,3368,0,Yes
IMP-9265634,TPIN1000000385,Import,2024-03-04,313255,UK,34.26,Electronics,15663,50121,Yes
EXP-3490352,TPIN1000000385,Export,2024-02-11,133846,Zimbabwe,24.12,Food Products,6692,0,Yes
EXP-633767,TPIN1000000388,Export,2024-09-07,70796,DRC,34.31,Electronics,3540,0,Yes
EXP-8919262,TPIN1000000388,Export,2024-09-18,293721,Zimbabwe,17.0,Textiles,14686,0,Yes
EXP-5362426,TPIN1000000388,Export,2024-08-30,111600,UK,92.75,Copper,5580,0,Yes
IMP-4019890,TPIN1000000393,Import,2023-12-30,127179,DRC,66.59,Copper,6359,20349,Yes
EXP-8381475,TPIN1000000393,Export,2024-02-19,218836,UAE,57.72,Electronics,10942,0,Yes
IMP-313202,TPIN1000000394,Import,2024-04-05,400898,Tanzania,9.28,Machinery,20045,64144,Yes
EXP-7445186,TPIN1000000394,Export,2024-03-03,105178,UAE,74.27,Textiles,5259,0,Yes
IMP-1384119,TPIN1000000396,Import,2024-06-12,99335,Zimbabwe,27.98,Textiles,4967,15894,Yes
IMP-6010945,TPIN1000000396,Import,2024-07-02,122597,Tanzania,7.37,Machinery,6130,19616,Yes
EXP-1555790,TPIN1000000397,Export,2024-04-05,527662,UK,93.58,Electronics,26383,0,Yes
IMP-9137676,TPIN1000000401,Import,2024-11-23,454190,Malawi,6.83,Machinery,22709,72670,Yes
IMP-9061707,TPIN1000000401,Import,2024-11-24,227683,Malawi,96.73,Copper,11384,36429,Yes
IMP-445169,TPIN1000000401,Import,2024-11-23,379049,UAE,45.31,Copper,18952,60648,Yes
IMP-5212155,TPIN1000000405,Import,2024-03-19,54373,UAE,18.2,Electronics,2719,8700,Yes
IMP-59489,TPIN1000000405,Import,2024-01-28,204353,DRC,77.20,Food Products,10218,32697,Yes
IMP-1018636,TPIN1000000406,Import,2024-06-09,330031,UAE,81.57,Copper,16502,52805,Yes
IMP-2339093,TPIN1000000406,Import,2024-08-21,112789,Zimbabwe,59.32,Food Products,5639,18046,Yes
IMP-3782943,TPIN1000000411,Import,2024-06-22,305049,UK,26.86,Machinery,15252,48808,Yes
EXP-5151356,TPIN1000000411,Export,2024-05-01,431879,Tanzania,78.10,Electronics,21594,0,Yes
EXP-291924,TPIN1000000411,Export,2024-06-16,217453,Botswana,82.98,Electronics,10873,0,Yes
IMP-3545910,TPIN1000000419,Import,2024-07-02,289992,UK,37.39,Textiles,14500,46399,Yes
EXP-7742433,TPIN1000000419,Export,2024-07-05,245087,Tanzania,55.89,Copper,12254,0,Yes
IMP-2981631,TPIN1000000422,Import,2023-11-24,335806,Botswana,21.14,Copper,16790,53729,Yes
EXP-3858312,TPIN1000000425,Export,2024-07-15,509308,Zimbabwe,85.35,Copper,25465,0,Yes
IMP-9459826,TPIN1000000425,Import,2024-08-16,523224,Zimbabwe,61.38,Copper,26161,83716,Yes
EXP-9061878,TPIN1000000428,Export,2024-03-19,210836,South Africa,97.85,Electronics,10542,0,Yes
EXP-3977600,TPIN1000000428,Export,2024-02-07,498548,UAE,79.8,Food Products,24927,0,Yes
IMP-3130187,TPIN1000000428,Import,2024-01-16,126579,UK,12.13,Electronics,6329,20253,Yes
IMP-7362412,TPIN1000000431,Import,2024-01-16,494164,Tanzania,38.65,Electronics,24708,79066,Yes
EXP-2236572,TPIN1000000431,Export,2024-01-27,169813,DRC,14.0,Electronics,8491,0,Yes
IMP-9504922,TPIN1000000432,Import,2024-04-22,378299,Malawi,19.30,Textiles,18915,60528,Yes
EXP-825045,TPIN1000000432,Export,2024-02-16,502910,UK,20.56,Machinery,25146,0,Yes
IMP-2204646,TPIN1000000433,Import,2023-12-02,103274,DRC,55.59,Textiles,5164,16524,Yes
EXP-2511023,TPIN1000000434,Export,2024-10-13,379528,Botswana,31.43,Food Products,18976,0,Yes
EXP-7211771,TPIN1000000438,Export,2024-01-02,313743,China,91.55,Electronics,15687,0,Yes
IMP-6810267,TPIN1000000438,Import,2023-12-21,398591,Zimbabwe,97.2,Copper,19930,63775,Yes
IMP-5348223,TPIN1000000441,Import,2024-06-21,539506,China,3.75,Food Products,26975,86321,Yes
IMP-435578,TPIN1000000441,Import,2024-06-10,117297,Zimbabwe,51.2,Electronics,5865,18767,Yes
EXP-2770477,TPIN1000000445,Export,2023-12-17,299305,UK,8.94,Textiles,14965,0,Yes
IMP-6716206,TPIN1000000445,Import,2023-12-29,497125,South Africa,53.37,Copper,24856,79540,Yes
EXP-9148459,TPIN1000000449,Export,2024-02-09,84168,UK,48.40,Copper,4208,0,Yes
IMP-5974126,TPIN1000000449,Import,2024-02-18,493018,South Africa,62.13,Textiles,24651,78883,Yes
IMP-2386318,TPIN1000000449,Import,2024-02-12,441398,Zimbabwe,81.43,Copper,22070,70624,Yes
EXP-6283955,TPIN1000000450,Export,2024-05-15,194501,Zimbabwe,81.22,Textiles,9725,0,Yes
EXP-7983967,TPIN1000000451,Export,2024-05-18,386452,UK,59.75,Food Products,19323,0,Yes
EXP-233578,TPIN1000000452,Export,2024-02-24,243676,UK,25.85,Textiles,12184,0,Yes
IMP-9811673,TPIN1000000455,Import,2024-07-21,435166,UK,51.92,Copper,21758,69627,Yes
IMP-954726,TPIN1000000455,Import,2024-07-22,249738,UK,11.85,Machinery,12487,39958,Yes
IMP-7795877,TPIN1000000457,Import,2024-04-22,115123,Zimbabwe,86.35,Electronics,5756,18420,Yes
EXP-4514091,TPIN1000000457,Export,2024-05-22,172288,Malawi,53.42,Copper,8614,0,Yes
EXP-8048431,TPIN1000000457,Export,2024-04-22,255508,UK,91.66,Machinery,12775,0,Yes
IMP-8394239,TPIN1000000458,Import,2024-05-31,240610,Tanzania,57.46,Electronics,12031,38498,Yes
IMP-2958754,TPIN1000000458,Import,2024-07-09,332633,Tanzania,69.97,Textiles,16632,53221,Yes
EXP-2200170,TPIN1000000458,Export,2024-05-22,98571,UAE,91.98,Machinery,4929,0,Yes
IMP-485908,TPIN1000000462,Import,2024-09-02,446597,Zimbabwe,75.20,Machinery,22330,71455,Yes
EXP-2808349,TPIN1000000462,Export,2024-09-05,484169,South Africa,45.7,Electronics,24208,0,Yes
EXP-9086829,TPIN1000000463,Export,2024-06-25,64239,South Africa,17.65,Textiles,3212,0,Yes
IMP-246602,TPIN1000000463,Import,2024-06-17,420025,China,48.52,Machinery,21001,67204,Yes
IMP-15383,TPIN1000000464,Import,2024-05-30,403652,UK,32.9,Textiles,20183,64584,Yes
IMP-5154865,TPIN1000000464,Import,2024-04-29,189898,Tanzania,33.59,Textiles,9495,30384,Yes
EXP-9299484,TPIN1000000464,Export,2024-05-20,237041,South Africa,87.12,Copper,11852,0,Yes
IMP-6063162,TPIN1000000465,Import,2024-09-14,386988,UK,58.22,Textiles,19349,61918,Yes
EXP-7090370,TPIN1000000465,Export,2024-09-05,306155,UK,70.68,Machinery,15308,0,Yes
IMP-6561946,TPIN1000000466,Import,2024-06-30,142904,China,72.7,Textiles,7145,22865,Yes
EXP-2078972,TPIN1000000466,Export,2024-06-21,509013,China,3.91,Electronics,25451,0,Yes
EXP-2659275,TPIN1000000466,Export,2024-05-08,219067,UK,17.60,Textiles,10953,0,Yes
IMP-4835880,TPIN1000000467,Import,2024-03-10,125907,Botswana,82.65,Machinery,6295,20145,Yes
EXP-5890622,TPIN1000000467,Export,2024-02-18,338079,Tanzania,25.82,Textiles,16904,0,Yes
EXP-7552352,TPIN1000000468,Export,2024-05-13,532276,China,67.94,Electronics,26614,0,Yes
IMP-441814,TPIN1000000468,Import,2024-06-08,447077,Botswana,15.58,Electronics,22354,71532,Yes
EXP-9444758,TPIN1000000468,Export,2024-05-07,290820,UK,88.98,Textiles,14541,0,Yes
EXP-6617976,TPIN1000000470,Export,2024-05-31,85893,Malawi,0.18,Machinery,4295,0,Yes
EXP-4716537,TPIN1000000470,Export,2024-06-22,484302,DRC,60.85,Copper,24215,0,Yes
IMP-9976831,TPIN1000000473,Import,2024-09-27,474923,UK,96.29,Food Products,23746,75988,Yes
IMP-6037828,TPIN1000000474,Import,2023-12-26,158026,UAE,37.66,Copper,7901,25284,Yes
EXP-9522627,TPIN1000000476,Export,2024-09-06,342391,Tanzania,79.93,Food Products,17120,0,Yes
IMP-5011581,TPIN1000000480,Import,2024-02-09,518097,Zimbabwe,52.75,Electronics,25905,82896,Yes
IMP-6307887,TPIN1000000480,Import,2023-12-08,244194,UK,67.77,Copper,12210,39071,Yes
IMP-4594543,TPIN1000000480,Import,2023-11-23,154300,Botswana,85.76,Machinery,7715,24688,Yes
IMP-6503971,TPIN1000000481,Import,2023-12-09,138903,Botswana,74.57,Machinery,6945,22224,Yes
IMP-2035229,TPIN1000000481,Import,2024-01-30,136524,UK,41.40,Textiles,6826,21844,Yes
IMP-5001162,TPIN1000000481,Import,2023-12-25,63231,Tanzania,67.17,Machinery,3162,10117,Yes
EXP-2039260,TPIN1000000483,Export,2024-04-02,289661,China,59.54,Machinery,14483,0,Yes
IMP-66423,TPIN1000000483,Import,2024-04-13,265517,South Africa,86.43,Food Products,13276,42483,Yes
IMP-9739809,TPIN1000000483,Import,2024-04-20,190241,China,58.46,Copper,9512,30439,Yes
IMP-5909346,TPIN1000000487,Import,2024-05-08,361762,Malawi,89.47,Electronics,18088,57882,Yes
EXP-6596463,TPIN1000000487,Export,2024-05-12,283759,Malawi,62.86,Copper,14188,0,Yes
IMP-4817404,TPIN1000000487,Import,2024-05-26,450479,UK,81.38,Textiles,22524,72077,Yes
EXP-8091606,TPIN1000000488,Export,2024-05-24,498909,South Africa,90.64,Food Products,24945,0,Yes
EXP-91456,TPIN1000000488,Export,2024-03-19,297993,South Africa,38.62,Machinery,14900,0,Yes
EXP-5999816,TPIN1000000488,Export,2024-05-26,351386,China,39.2,Textiles,17569,0,Yes
IMP-2500391,TPIN1000000489,Import,2023-12-07,398062,China,49.6,Electronics,19903,63690,Yes
EXP-437731,TPIN1000000489,Export,2023-11-09,69861,UK,47.49,Electronics,3493,0,Yes
IMP-6987448,TPIN1000000489,Import,2023-12-16,523157,UK,16.13,Electronics,26158,83705,Yes
IMP-1885160,TPIN1000000491,Import,2024-06-09,378922,Tanzania,98.79,Electronics,18946,60628,Yes
EXP-1988558,TPIN1000000497,Export,2024-04-06,309579,DRC,92.44,Food Products,15479,0,Yes
EXP-3442515,TPIN1000000497,Export,2024-02-13,97674,Tanzania,76.64,Food Products,4884,0,Yes
IMP-2243588,TPIN1000000497,Import,2024-03-24,247933,UAE,10.71,Food Products,12397,39669,Yes
IMP-6069038,TPIN1000000498,Import,2024-04-04,323883,Botswana,15.34,Machinery,16194,51821,Yes
IMP-3707572,TPIN1000000502,Import,2024-09-28,455620,DRC,67.79,Textiles,22781,72899,Yes
EXP-7443070,TPIN1000000502,Export,2024-09-07,160908,China,46.6,Electronics,8045,0,Yes
IMP-7587600,TPIN1000000502,Import,2024-09-20,101702,South Africa,54.90,Copper,5085,16272,Yes
IMP-6603800,TPIN1000000503,Import,2024-02-08,482945,DRC,28.45,Food Products,24147,77271,Yes
EXP-8825007,TPIN1000000505,Export,2024-02-29,505063,China,10.59,Electronics,25253,0,Yes
EXP-4580358,TPIN1000000505,Export,2024-03-26,504372,South Africa,31.31,Textiles,25219,0,Yes
EXP-4493102,TPIN1000000505,Export,2024-05-02,540225,DRC,53.8,Machinery,27011,0,Yes
IMP-8701113,TPIN1000000506,Import,2023-12-01,460193,UK,52.30,Electronics,23010,73631,Yes
EXP-2347830,TPIN1000000506,Export,2023-11-29,50766,China,48.80,Textiles,2538,0,Yes
EXP-8764282,TPIN1000000506,Export,2023-11-30,203977,Botswana,8.81,Food Products,10199,0,Yes
IMP-1068728,TPIN1000000508,Import,2024-12-08,204825,Malawi,18.5,Textiles,10241,32772,Yes
EXP-2656785,TPIN1000000508,Export,2024-12-08,287478,China,42.0,Copper,14374,0,Yes
IMP-8344976,TPIN1000000508,Import,2024-11-26,492206,Tanzania,72.46,Textiles,24610,78753,Yes
EXP-985142,TPIN1000000512,Export,2024-09-03,283786,China,33.54,Textiles,14189,0,Yes
EXP-9901817,TPIN1000000512,Export,2024-08-24,476036,Zimbabwe,2.8,Copper,23802,0,Yes
EXP-660216,TPIN1000000513,Export,2024-02-02,141393,Tanzania,44.62,Machinery,7070,0,Yes
EXP-7687815,TPIN1000000514,Export,2023-11-09,464571,UAE,43.6,Textiles,23229,0,Yes
EXP-2965993,TPIN1000000519,Export,2024-06-03,117123,Malawi,73.64,Machinery,5856,0,Yes
EXP-4829422,TPIN1000000519,Export,2024-08-03,376798,China,7.18,Copper,18840,0,Yes
EXP-5290105,TPIN1000000524,Export,2024-03-16,141230,Botswana,16.66,Electronics,7061,0,Yes
IMP-418946,TPIN1000000524,Import,2024-03-06,239670,South Africa,56.72,Machinery,11983,38347,Yes
IMP-75629,TPIN1000000524,Import,2024-03-23,368106,Botswana,63.29,Food Products,18405,58897,Yes
EXP-656462,TPIN1000000525,Export,2024-08-12,343126,Zimbabwe,25.67,Copper,17156,0,Yes
IMP-9456564,TPIN1000000525,Import,2024-06-27,102159,UAE,61.85,Textiles,5108,16345,Yes
IMP-7858852,TPIN1000000526,Import,2024-01-04,375601,Zimbabwe,84.8,Food Products,18780,60096,Yes
EXP-6831599,TPIN1000000527,Export,2024-05-20,230137,South Africa,51.38,Textiles,11507,0,Yes
EXP-6692060,TPIN1000000527,Export,2024-04-09,344958,Zimbabwe,68.12,Textiles,17248,0,Yes
EXP-5475356,TPIN1000000527,Export,2024-03-28,169877,South Africa,88.32,Machinery,8494,0,Yes
IMP-8192900,TPIN1000000528,Import,2024-07-20,137323,Tanzania,35.32,Food Products,6866,21972,Yes
EXP-7078767,TPIN1000000529,Export,2024-07-28,369700,Botswana,74.88,Textiles,18485,0,Yes
EXP-2251101,TPIN1000000534,Export,2024-04-07,80889,Zimbabwe,43.90,Copper,4044,0,Yes
IMP-3143996,TPIN1000000538,Import,2024-09-29,361765,Zimbabwe,62.25,Textiles,18088,57882,Yes
EXP-6351857,TPIN1000000538,Export,2024-08-27,473980,DRC,8.76,Machinery,23699,0,Yes
IMP-5804891,TPIN1000000538,Import,2024-09-02,241259,South Africa,52.28,Machinery,12063,38601,Yes
EXP-7520730,TPIN1000000539,Export,2024-12-13,322242,Botswana,76.37,Textiles,16112,0,Yes
IMP-5023370,TPIN1000000540,Import,2024-01-28,352572,UK,38.41,Food Products,17629,56412,Yes
EXP-3692146,TPIN1000000540,Export,2024-02-20,86788,UK,59.15,Machinery,4339,0,Yes
EXP-8389965,TPIN1000000542,Export,2024-05-15,528017,Zimbabwe,45.85,Food Products,26401,0,Yes
IMP-3674230,TPIN1000000543,Import,2024-09-30,397140,UK,70.98,Machinery,19857,63542,Yes
EXP-2700278,TPIN1000000544,Export,2024-07-05,236607,UAE,70.33,Electronics,11830,0,Yes
EXP-2619877,TPIN1000000547,Export,2023-11-28,493738,UK,49.12,Textiles,24687,0,Yes
EXP-2482422,TPIN1000000548,Export,2024-01-23,174027,Botswana,81.42,Copper,8701,0,Yes
IMP-9448619,TPIN1000000548,Import,2024-03-14,426896,Malawi,28.81,Electronics,21345,68303,Yes
EXP-6245711,TPIN1000000548,Export,2024-01-13,405070,DRC,50.29,Machinery,20254,0,Yes
IMP-4264694,TPIN1000000550,Import,2024-02-02,116294,Botswana,63.28,Copper,5815,18607,Yes
IMP-8851530,TPIN1000000550,Import,2024-02-16,260458,UK,62.80,Textiles,13023,41673,Yes
IMP-4200538,TPIN1000000552,Import,2024-02-29,334345,Botswana,57.4,Textiles,16717,53495,Yes
EXP-2660499,TPIN1000000552,Export,2024-05-13,376273,South Africa,21.25,Machinery,18814,0,Yes
IMP-6579577,TPIN1000000553,Import,2024-07-30,195304,DRC,57.32,Textiles,9765,31249,Yes
EXP-4108033,TPIN1000000553,Export,2024-08-12,462244,UK,54.78,Food Products,23112,0,Yes
EXP-4819900,TPIN1000000554,Export,2024-04-04,272523,Tanzania,83.34,Copper,13626,0,Yes
IMP-4725101,TPIN1000000554,Import,2024-04-25,242523,UK,1.73,Electronics,12126,38804,Yes
EXP-803671,TPIN1000000554,Export,2024-02-18,430151,South Africa,10.68,Copper,21508,0,Yes
EXP-440126,TPIN1000000555,Export,2024-06-20,336888,Zimbabwe,62.69,Food Products,16844,0,Yes
EXP-3744766,TPIN1000000556,Export,2024-06-01,124124,DRC,17.46,Food Products,6206,0,Yes
EXP-9911701,TPIN1000000556,Export,2024-05-05,236932,South Africa,5.66,Machinery,11847,0,Yes
EXP-212598,TPIN1000000556,Export,2024-06-02,107501,South Africa,84.77,Machinery,5375,0,Yes
EXP-1129498,TPIN1000000561,Export,2024-08-27,440372,DRC,58.20,Copper,22019,0,Yes
EXP-8711753,TPIN1000000564,Export,2024-04-27,316996,UAE,80.10,Machinery,15850,0,Yes
IMP-234907,TPIN1000000564,Import,2024-02-15,283012,Malawi,29.1,Electronics,14151,45282,Yes
IMP-1152922,TPIN1000000565,Import,2024-03-17,277895,UAE,95.0,Textiles,13895,44463,Yes
IMP-8131096,TPIN1000000566,Import,2024-10-18,462770,Botswana,68.49,Machinery,23139,74043,Yes
IMP-4725690,TPIN1000000566,Import,2024-11-01,161800,Botswana,69.95,Food Products,8090,25888,Yes
IMP-1484095,TPIN1000000566,Import,2024-10-19,363376,UK,60.78,Textiles,18169,58140,Yes
EXP-7575376,TPIN1000000567,Export,2024-01-04,227786,Zimbabwe,83.67,Electronics,11389,0,Yes
IMP-1776336,TPIN1000000567,Import,2023-12-23,323155,Malawi,22.97,Machinery,16158,51705,Yes
IMP-6985903,TPIN1000000569,Import,2023-12-28,361963,Botswana,70.45,Electronics,18098,57914,Yes
EXP-2721908,TPIN1000000573,Export,2023-12-29,486485,Botswana,85.56,Copper,24324,0,Yes
EXP-5686049,TPIN1000000573,Export,2023-10-28,288132,China,20.54,Electronics,14407,0,Yes
IMP-6663369,TPIN1000000573,Import,2023-12-16,113451,Botswana,95.10,Textiles,5673,18152,Yes
IMP-2532601,TPIN1000000574,Import,2024-02-05,518789,Tanzania,94.28,Food Products,25939,83006,Yes
IMP-1649373,TPIN1000000574,Import,2024-01-24,134350,South Africa,80.64,Copper,6717,21496,Yes
EXP-1612806,TPIN1000000574,Export,2024-03-07,93790,Malawi,85.71,Textiles,4690,0,Yes
IMP-8234388,TPIN1000000575,Import,2024-03-13,139054,UK,72.11,Copper,6953,22249,Yes
IMP-6506289,TPIN1000000575,Import,2024-01-26,312403,UAE,92.6,Food Products,15620,49984,Yes
IMP-8856817,TPIN1000000582,Import,2024-07-30,505543,UK,8.16,Copper,25277,80887,Yes
EXP-6985131,TPIN1000000582,Export,2024-05-24,274965,UK,89.33,Machinery,13748,0,Yes
EXP-3567442,TPIN1000000582,Export,2024-07-02,267321,DRC,56.42,Food Products,13366,0,Yes
IMP-6369405,TPIN1000000583,Import,2024-11-03,326988,DRC,69.66,Electronics,16349,52318,Yes
IMP-9388499,TPIN1000000583,Import,2024-10-06,209099,Malawi,66.89,Copper,10455,33456,Yes
EXP-3556994,TPIN1000000585,Export,2024-04-25,437631,Zimbabwe,39.93,Electronics,21882,0,Yes
EXP-5520961,TPIN1000000589,Export,2024-10-26,300265,China,3.82,Textiles,15013,0,Yes
IMP-8651458,TPIN1000000589,Import,2024-10-03,158569,DRC,26.32,Textiles,7928,25371,Yes
EXP-5093415,TPIN1000000590,Export,2024-04-23,536990,Malawi,57.85,Machinery,26849,0,Yes
EXP-8523705,TPIN1000000590,Export,2024-04-28,206357,DRC,11.94,Copper,10318,0,Yes
IMP-9305091,TPIN1000000590,Import,2024-05-08,465850,UK,22.22,Machinery,23293,74536,Yes
IMP-5801399,TPIN1000000591,Import,2024-02-17,430451,UAE,1.97,Electronics,21523,68872,Yes
EXP-7646457,TPIN1000000591,Export,2024-01-22,478156,Zimbabwe,44.44,Food Products,23908,0,Yes
EXP-5219841,TPIN1000000591,Export,2024-02-05,385711,Tanzania,0.97,Electronics,19286,0,Yes
IMP-8502943,TPIN1000000592,Import,2024-05-02,139483,Zimbabwe,28.86,Textiles,6974,22317,Yes
EXP-7979375,TPIN1000000592,Export,2024-07-20,238658,Botswana,36.75,Electronics,11933,0,Yes
IMP-6359459,TPIN1000000595,Import,2024-12-19,223459,Botswana,95.45,Machinery,11173,35753,Yes
EXP-9790456,TPIN1000000595,Export,2024-11-16,137577,Botswana,63.14,Machinery,6879,0,Yes
EXP-2357418,TPIN1000000598,Export,2024-03-31,167243,DRC,44.81,Textiles,8362,0,Yes
IMP-6092426,TPIN1000000598,Import,2024-03-05,87433,Tanzania,24.56,Electronics,4372,13989,Yes
EXP-4296389,TPIN1000000598,Export,2024-02-27,116910,Zimbabwe,56.82,Machinery,5845,0,Yes
IMP-2172500,TPIN1000000599,Import,2024-02-05,70230,China,53.59,Copper,3511,11237,Yes
IMP-2470923,TPIN1000000599,Import,2023-12-01,407664,UK,96.24,Electronics,20383,65226,Yes
EXP-951420,TPIN1000000603,Export,2024-07-12,282968,South Africa,92.49,Electronics,14148,0,Yes
IMP-1631897,TPIN1000000604,Import,2024-03-08,280575,UK,83.77,Copper,14029,44892,Yes
IMP-9463462,TPIN1000000604,Import,2024-03-24,357957,Malawi,67.83,Machinery,17898,57273,Yes
EXP-3909477,TPIN1000000605,Export,2024-11-03,166728,Malawi,5.53,Textiles,8336,0,Yes
IMP-2714334,TPIN1000000606,Import,2024-07-23,207566,UAE,97.43,Copper,10378,33211,Yes
IMP-5424756,TPIN1000000606,Import,2024-06-08,206869,UK,25.92,Machinery,10343,33099,Yes
IMP-8563893,TPIN1000000609,Import,2024-03-24,348817,UK,49.73,Electronics,17441,55811,Yes
IMP-2713852,TPIN1000000609,Import,2024-01-14,337717,Zimbabwe,15.14,Electronics,16886,54035,Yes
EXP-5182210,TPIN1000000609,Export,2024-01-06,107014,UAE,98.29,Electronics,5351,0,Yes
EXP-8853424,TPIN1000000610,Export,2024-06-28,308611,Malawi,71.49,Textiles,15431,0,Yes
EXP-8053498,TPIN1000000614,Export,2024-06-07,140170,Malawi,37.75,Copper,7008,0,Yes
IMP-3531359,TPIN1000000615,Import,2024-05-10,169408,UK,49.1,Machinery,8470,27105,Yes
EXP-4461166,TPIN1000000615,Export,2024-04-17,405028,UK,68.68,Copper,20251,0,Yes
EXP-800287,TPIN1000000615,Export,2024-04-24,373694,Zimbabwe,45.84,Textiles,18685,0,Yes
IMP-487825,TPIN1000000618,Import,2023-12-07,391008,UK,28.30,Machinery,19550,62561,Yes
EXP-8458263,TPIN1000000618,Export,2023-10-17,423513,Tanzania,76.42,Copper,21176,0,Yes
IMP-5224640,TPIN1000000618,Import,2023-10-24,405240,Tanzania,51.21,Machinery,20262,64838,Yes
EXP-9214855,TPIN1000000621,Export,2024-06-09,442754,UAE,39.66,Electronics,22138,0,Yes
IMP-9189454,TPIN1000000622,Import,2024-08-01,83547,Malawi,64.32,Textiles,4177,13368,Yes
EXP-5680326,TPIN1000000623,Export,2024-08-20,460686,South Africa,15.46,Machinery,23034,0,Yes
IMP-7684071,TPIN1000000623,Import,2024-10-08,327541,China,84.81,Textiles,16377,52407,Yes
IMP-7315364,TPIN1000000623,Import,2024-09-29,186894,DRC,13.33,Machinery,9345,29903,Yes
EXP-4506078,TPIN1000000626,Export,2024-01-28,489424,Malawi,88.44,Machinery,24471,0,Yes
IMP-6843892,TPIN1000000626,Import,2024-01-05,223908,UAE,3.9,Copper,11195,35825,Yes
EXP-1439342,TPIN1000000627,Export,2024-04-07,163804,Tanzania,89.3,Machinery,8190,0,Yes
EXP-9394402,TPIN1000000627,Export,2024-01-17,456281,DRC,17.46,Electronics,22814,0,Yes
EXP-9704510,TPIN1000000627,Export,2024-03-24,256869,UK,1.83,Machinery,12843,0,Yes
IMP-5471769,TPIN1000000628,Import,2024-03-24,78436,UK,95.85,Machinery,3922,12550,Yes
EXP-4024256,TPIN1000000630,Export,2024-09-03,309440,South Africa,2.80,Copper,15472,0,Yes
IMP-1790430,TPIN1000000630,Import,2024-08-07,383595,UK,69.25,Electronics,19180,61375,Yes
EXP-8878692,TPIN1000000631,Export,2024-04-30,371267,DRC,32.52,Machinery,18563,0,Yes
EXP-471100,TPIN1000000631,Export,2024-06-11,79695,UK,28.46,Copper,3985,0,Yes
IMP-5220789,TPIN1000000631,Import,2024-06-06,284159,UAE,29.40,Food Products,14208,45465,Yes
IMP-457206,TPIN1000000633,Import,2024-06-08,212700,South Africa,44.48,Food Products,10635,34032,Yes
IMP-6519617,TPIN1000000633,Import,2024-06-03,541049,UK,55.72,Electronics,27052,86568,Yes
IMP-5072856,TPIN1000000634,Import,2024-10-21,398693,Tanzania,76.79,Textiles,19935,63791,Yes
IMP-2016174,TPIN1000000634,Import,2024-09-06,351106,Tanzania,51.45,Copper,17555,56177,Yes
EXP-1579314,TPIN1000000635,Export,2024-08-29,516943,Tanzania,10.89,Electronics,25847,0,Yes
EXP-1996301,TPIN1000000636,Export,2024-12-04,290637,UAE,80.4,Textiles,14532,0,Yes
IMP-1041524,TPIN1000000638,Import,2024-01-07,115038,UAE,36.33,Food Products,5752,18406,Yes
EXP-9045232,TPIN1000000638,Export,2024-02-21,473688,UK,21.82,Electronics,23684,0,Yes
IMP-5851569,TPIN1000000638,Import,2024-03-04,105330,DRC,8.22,Electronics,5267,16853,Yes
EXP-2419332,TPIN1000000641,Export,2024-06-26,143529,South Africa,53.41,Machinery,7176,0,Yes
EXP-7795704,TPIN1000000641,Export,2024-06-05,93453,China,95.14,Copper,4673,0,Yes
EXP-3627223,TPIN1000000642,Export,2024-03-11,462895,Tanzania,50.71,Textiles,23145,0,Yes
IMP-6503845,TPIN1000000644,Import,2024-02-22,375842,Tanzania,10.94,Textiles,18792,60135,Yes
EXP-989702,TPIN1000000644,Export,2024-03-20,388619,UK,68.95,Electronics,19431,0,Yes
IMP-9527998,TPIN1000000646,Import,2024-04-28,200757,Zimbabwe,55.82,Textiles,10038,32121,Yes
IMP-4452700,TPIN1000000649,Import,2024-08-05,236089,Tanzania,12.81,Copper,11804,37774,Yes
EXP-1181130,TPIN1000000650,Export,2024-08-05,220097,South Africa,61.71,Copper,11005,0,Yes
IMP-1155930,TPIN1000000651,Import,2024-09-23,456457,UAE,87.60,Copper,22823,73033,Yes
EXP-17485,TPIN1000000651,Export,2024-09-29,498921,Tanzania,1.36,Textiles,24946,0,Yes
EXP-1585863,TPIN1000000651,Export,2024-11-06,524085,Tanzania,71.69,Copper,26204,0,Yes
EXP-7199017,TPIN1000000653,Export,2024-01-20,97405,Botswana,81.96,Copper,4870,0,Yes
IMP-9399768,TPIN1000000656,Import,2024-04-20,461850,UAE,17.28,Copper,23092,73896,Yes
IMP-2143563,TPIN1000000658,Import,2024-07-02,222293,China,55.97,Electronics,11115,35567,Yes
EXP-9534390,TPIN1000000658,Export,2024-05-03,57448,DRC,22.25,Electronics,2872,0,Yes
IMP-377556,TPIN1000000658,Import,2024-05-01,88188,DRC,88.96,Food Products,4409,14110,Yes
EXP-4905810,TPIN1000000661,Export,2024-07-16,109928,Tanzania,13.84,Machinery,5496,0,Yes
EXP-8585460,TPIN1000000664,Export,2024-02-15,70449,Malawi,1.83,Machinery,3522,0,Yes
IMP-1503652,TPIN1000000664,Import,2024-02-16,50999,UK,33.6,Machinery,2550,8160,Yes
IMP-9411313,TPIN1000000664,Import,2024-01-30,413278,Tanzania,90.61,Textiles,20664,66125,Yes
IMP-8559545,TPIN1000000665,Import,2024-04-20,248046,China,8.89,Electronics,12402,39687,Yes
IMP-6977167,TPIN1000000665,Import,2024-03-06,274831,Tanzania,43.89,Copper,13742,43973,Yes
IMP-7896786,TPIN1000000665,Import,2024-05-13,160786,UK,22.61,Food Products,8039,25726,Yes
EXP-429447,TPIN1000000666,Export,2024-05-13,307562,Botswana,87.27,Copper,15378,0,Yes
IMP-2310674,TPIN1000000666,Import,2024-03-20,297931,Malawi,55.44,Food Products,14897,47669,Yes
IMP-3580597,TPIN1000000666,Import,2024-04-03,237094,South Africa,41.37,Machinery,11855,37935,Yes
EXP-4630561,TPIN1000000667,Export,2024-02-21,249094,UK,5.35,Food Products,12455,0,Yes
IMP-5345634,TPIN1000000667,Import,2024-01-09,440591,China,36.14,Food Products,22030,70495,Yes
IMP-7888331,TPIN1000000668,Import,2024-06-20,468307,Malawi,60.73,Copper,23415,74929,Yes
IMP-7582407,TPIN1000000668,Import,2024-06-02,327520,Zimbabwe,95.66,Machinery,16376,52403,Yes
EXP-6672836,TPIN1000000669,Export,2024-05-07,241397,South Africa,15.54,Electronics,12070,0,Yes
EXP-9577755,TPIN1000000669,Export,2024-05-25,93603,Malawi,98.43,Machinery,4680,0,Yes
EXP-7822269,TPIN1000000670,Export,2024-10-03,544865,DRC,77.17,Food Products,27243,0,Yes
EXP-2154702,TPIN1000000670,Export,2024-10-12,382578,DRC,31.35,Copper,19129,0,Yes
IMP-5992461,TPIN1000000676,Import,2024-06-02,329371,Tanzania,44.70,Textiles,16469,52699,Yes
EXP-5052250,TPIN1000000677,Export,2024-11-19,407522,Tanzania,4.20,Food Products,20376,0,Yes
EXP-3047367,TPIN1000000678,Export,2024-08-24,93249,UAE,26.35,Food Products,4662,0,Yes
IMP-4603562,TPIN1000000678,Import,2024-10-06,477896,UK,71.91,Electronics,23895,76463,Yes
IMP-985078,TPIN1000000679,Import,2024-01-25,66774,DRC,11.31,Copper,3339,10684,Yes
IMP-267345,TPIN1000000682,Import,2024-02-26,217719,Zimbabwe,48.87,Copper,10886,34835,Yes
EXP-2343744,TPIN1000000682,Export,2024-01-08,296017,China,97.85,Textiles,14801,0,Yes
EXP-9845604,TPIN1000000683,Export,2024-08-29,547893,Tanzania,55.14,Textiles,27395,0,Yes
EXP-9771978,TPIN1000000683,Export,2024-10-29,66613,South Africa,2.57,Machinery,3331,0,Yes
IMP-4231473,TPIN1000000684,Import,2024-09-27,404783,South Africa,96.17,Electronics,20239,64765,Yes
EXP-7856825,TPIN1000000687,Export,2023-11-10,396995,DRC,96.15,Food Products,19850,0,Yes
EXP-1932499,TPIN1000000688,Export,2024-04-25,278216,Botswana,61.1,Machinery,13911,0,Yes
EXP-3962725,TPIN1000000688,Export,2024-01-28,322599,UK,14.4,Machinery,16130,0,Yes
IMP-2575679,TPIN1000000688,Import,2024-03-17,210683,South Africa,72.27,Electronics,10534,33709,Yes
IMP-3104263,TPIN1000000691,Import,2024-11-10,232420,China,50.1,Textiles,11621,37187,Yes
EXP-4688284,TPIN1000000691,Export,2024-10-15,158976,China,57.30,Copper,7949,0,Yes
IMP-6972872,TPIN1000000695,Import,2024-03-13,477249,Tanzania,61.49,Food Products,23862,76360,Yes
EXP-7291825,TPIN1000000695,Export,2024-04-04,548380,UK,98.43,Machinery,27419,0,Yes
IMP-5663074,TPIN1000000696,Import,2024-08-07,439790,UK,31.54,Copper,21990,70366,Yes
EXP-7219495,TPIN1000000696,Export,2024-07-09,482043,DRC,0.35,Electronics,24102,0,Yes
IMP-9339965,TPIN1000000697,Import,2024-10-06,419082,Zimbabwe,72.84,Machinery,20954,67053,Yes
IMP-8396505,TPIN1000000697,Import,2024-09-26,145429,Tanzania,21.3,Electronics,7271,23269,Yes
EXP-1506750,TPIN1000000697,Export,2024-08-17,69496,South Africa,91.83,Electronics,3475,0,Yes
IMP-6677041,TPIN1000000698,Import,2024-02-17,252655,Botswana,66.50,Electronics,12633,40425,Yes
IMP-9315402,TPIN1000000698,Import,2024-02-09,472165,Tanzania,22.77,Electronics,23608,75546,Yes
EXP-8841873,TPIN1000000699,Export,2024-05-10,181046,DRC,95.54,Textiles,9052,0,Yes
EXP-3096569,TPIN1000000699,Export,2024-04-02,225756,Tanzania,41.48,Food Products,11288,0,Yes
IMP-852543,TPIN1000000699,Import,2024-04-18,362226,Malawi,18.87,Copper,18111,57956,Yes
EXP-2443904,TPIN1000000701,Export,2024-04-03,305555,UAE,12.56,Copper,15278,0,Yes
EXP-6727263,TPIN1000000701,Export,2024-01-10,310826,DRC,47.6,Textiles,15541,0,Yes
EXP-8452016,TPIN1000000701,Export,2024-03-14,150840,Zimbabwe,27.17,Electronics,7542,0,Yes
IMP-5342987,TPIN1000000702,Import,2023-11-04,191699,Zimbabwe,16.5,Copper,9585,30672,Yes
EXP-3049123,TPIN1000000702,Export,2023-12-13,387636,China,12.45,Machinery,19382,0,Yes
IMP-7315643,TPIN1000000702,Import,2023-12-02,449132,China,79.34,Copper,22457,71861,Yes
IMP-1701471,TPIN1000000703,Import,2024-01-23,512327,South Africa,78.17,Copper,25616,81972,Yes
EXP-1401949,TPIN1000000703,Export,2023-11-11,532155,China,77.68,Copper,26608,0,Yes
IMP-9064559,TPIN1000000703,Import,2024-01-03,530157,South Africa,5.60,Textiles,26508,84825,Yes
EXP-5864793,TPIN1000000705,Export,2024-08-31,124848,South Africa,26.75,Textiles,6242,0,Yes
IMP-1073239,TPIN1000000707,Import,2024-07-19,209764,UAE,22.65,Textiles,10488,33562,Yes
IMP-1342967,TPIN1000000707,Import,2024-08-04,333936,UAE,64.41,Machinery,16697,53430,Yes
IMP-1428177,TPIN1000000710,Import,2024-06-29,357121,DRC,4.1,Textiles,17856,57139,Yes
IMP-8312636,TPIN1000000710,Import,2024-07-17,69676,Malawi,70.69,Textiles,3484,11148,Yes
EXP-9165392,TPIN1000000710,Export,2024-06-16,454515,Zimbabwe,51.36,Machinery,22726,0,Yes
IMP-831514,TPIN1000000712,Import,2024-08-14,272913,Malawi,9.89,Electronics,13646,43666,Yes
EXP-7983563,TPIN1000000712,Export,2024-10-03,66189,Zimbabwe,16.94,Copper,3309,0,Yes
IMP-1986875,TPIN1000000713,Import,2024-02-13,300053,UK,87.79,Textiles,15003,48009,Yes
EXP-5012616,TPIN1000000713,Export,2024-04-01,504429,Malawi,30.97,Copper,25221,0,Yes
IMP-5634360,TPIN1000000715,Import,2024-05-16,292644,Malawi,58.56,Food Products,14632,46823,Yes
IMP-3395523,TPIN1000000715,Import,2024-05-04,309246,UK,96.45,Machinery,15462,49479,Yes
EXP-1615828,TPIN1000000717,Export,2024-06-12,115175,DRC,49.75,Copper,5759,0,Yes
IMP-4145428,TPIN1000000717,Import,2024-03-24,284607,UK,11.71,Electronics,14230,45537,Yes
IMP-6910770,TPIN1000000724,Import,2023-11-21,81643,DRC,44.10,Textiles,4082,13063,Yes
IMP-2464002,TPIN1000000725,Import,2024-07-07,225696,Zimbabwe,80.62,Electronics,11285,36111,Yes
IMP-6913582,TPIN1000000725,Import,2024-07-30,295840,DRC,36.67,Textiles,14792,47334,Yes
EXP-1764017,TPIN1000000726,Export,2023-12-19,359509,China,47.53,Electronics,17975,0,Yes
IMP-2039308,TPIN1000000726,Import,2023-12-05,508902,Zimbabwe,45.73,Food Products,25445,81424,Yes
IMP-1565786,TPIN1000000727,Import,2024-05-08,126925,DRC,69.13,Copper,6346,20308,Yes
IMP-2557142,TPIN1000000727,Import,2024-04-28,109566,UK,1.50,Food Products,5478,17530,Yes
EXP-6188232,TPIN1000000727,Export,2024-05-08,478430,Zimbabwe,59.36,Machinery,23921,0,Yes
EXP-8871753,TPIN1000000728,Export,2024-03-22,257769,South Africa,71.75,Food Products,12888,0,Yes
EXP-479530,TPIN1000000729,Export,2023-12-30,149271,Zimbabwe,41.74,Food Products,7464,0,Yes
EXP-3200444,TPIN1000000729,Export,2023-12-01,390893,South Africa,42.34,Machinery,19545,0,Yes
EXP-8538396,TPIN1000000730,Export,2023-12-31,225321,Zimbabwe,88.98,Machinery,11266,0,Yes
IMP-6206224,TPIN1000000731,Import,2024-07-31,444154,UAE,41.70,Copper,22208,71065,Yes
EXP-111195,TPIN1000000731,Export,2024-08-07,99947,Botswana,77.73,Electronics,4997,0,Yes
EXP-1122371,TPIN1000000732,Export,2024-01-23,284406,Zimbabwe,1.25,Electronics,14220,0,Yes
EXP-5429603,TPIN1000000732,Export,2024-02-16,433560,Malawi,56.51,Food Products,21678,0,Yes
EXP-7102870,TPIN1000000732,Export,2024-01-16,226891,Zimbabwe,29.24,Textiles,11345,0,Yes
EXP-9387080,TPIN1000000733,Export,2024-06-19,363746,Tanzania,71.24,Copper,18187,0,Yes
IMP-8433378,TPIN1000000733,Import,2024-05-06,440576,China,23.49,Machinery,22029,70492,Yes
EXP-1062564,TPIN1000000733,Export,2024-07-26,346524,UAE,75.90,Electronics,17326,0,Yes
EXP-7122131,TPIN1000000734,Export,2024-08-23,92188,UAE,59.62,Copper,4609,0,Yes
EXP-3834102,TPIN1000000734,Export,2024-10-10,322200,UAE,25.98,Textiles,16110,0,Yes
IMP-8484017,TPIN1000000735,Import,2024-05-27,330437,DRC,80.5,Food Products,16522,52870,Yes
EXP-1252905,TPIN1000000735,Export,2024-07-06,439165,DRC,22.44,Electronics,21958,0,Yes
EXP-1788010,TPIN1000000735,Export,2024-04-22,367104,Tanzania,81.19,Textiles,18355,0,Yes
IMP-8387940,TPIN1000000736,Import,2024-04-16,223310,Zimbabwe,57.8,Food Products,11165,35730,Yes
EXP-4136020,TPIN1000000739,Export,2024-03-29,464914,DRC,59.33,Machinery,23246,0,Yes
IMP-8345436,TPIN1000000740,Import,2024-01-22,418551,UK,1.2,Food Products,20928,66968,Yes
EXP-6076108,TPIN1000000740,Export,2023-12-04,525074,Malawi,5.32,Food Products,26254,0,Yes
IMP-1510871,TPIN1000000740,Import,2023-12-26,119472,Malawi,84.95,Copper,5974,19115,Yes
IMP-2756162,TPIN1000000741,Import,2024-09-30,167946,South Africa,13.62,Machinery,8397,26871,Yes
IMP-6573539,TPIN1000000742,Import,2024-01-12,129141,Botswana,36.79,Textiles,6457,20663,Yes
EXP-7009009,TPIN1000000746,Export,2024-07-23,155678,UAE,93.93,Textiles,7784,0,Yes
EXP-6035506,TPIN1000000746,Export,2024-09-24,538223,DRC,2.92,Food Products,26911,0,Yes
EXP-1282389,TPIN1000000746,Export,2024-09-01,348166,UK,39.1,Electronics,17408,0,Yes
IMP-6592350,TPIN1000000748,Import,2024-02-17,320947,UK,82.27,Textiles,16047,51352,Yes
IMP-3256084,TPIN1000000748,Import,2024-02-21,288750,China,8.57,Food Products,14437,46200,Yes
EXP-2988580,TPIN1000000750,Export,2024-11-05,244808,China,16.18,Machinery,12240,0,Yes
EXP-4267698,TPIN1000000750,Export,2024-11-07,113591,Zimbabwe,58.90,Electronics,5680,0,Yes
IMP-2096958,TPIN1000000750,Import,2024-12-12,352323,UK,34.20,Electronics,17616,56372,Yes
EXP-702425,TPIN1000000751,Export,2024-03-18,153446,South Africa,33.10,Textiles,7672,0,Yes
IMP-5275650,TPIN1000000751,Import,2024-02-13,284359,China,21.85,Textiles,14218,45497,Yes
IMP-8714991,TPIN1000000754,Import,2024-02-13,371014,Tanzania,22.60,Machinery,18551,59362,Yes
IMP-374069,TPIN1000000754,Import,2023-12-27,319584,Zimbabwe,61.34,Textiles,15979,51133,Yes
IMP-7254448,TPIN1000000756,Import,2024-07-03,216099,Malawi,64.85,Food Products,10805,34576,Yes
EXP-729546,TPIN1000000756,Export,2024-08-01,180088,DRC,55.52,Food Products,9004,0,Yes
EXP-2108531,TPIN1000000757,Export,2024-05-15,158368,Malawi,32.12,Electronics,7918,0,Yes
EXP-3542819,TPIN1000000758,Export,2024-08-11,229918,South Africa,1.5,Machinery,11496,0,Yes
IMP-339959,TPIN1000000759,Import,2024-10-03,70913,South Africa,42.26,Machinery,3546,11346,Yes
EXP-4245004,TPIN1000000760,Export,2024-06-17,484358,Botswana,20.52,Electronics,24218,0,Yes
EXP-4540874,TPIN1000000760,Export,2024-08-14,430091,Tanzania,82.36,Copper,21505,0,Yes
IMP-8648577,TPIN1000000760,Import,2024-07-10,198808,UK,35.27,Machinery,9940,31809,Yes
IMP-983449,TPIN1000000769,Import,2024-05-21,446905,Tanzania,52.78,Electronics,22345,71505,Yes
IMP-3304012,TPIN1000000769,Import,2024-07-01,511889,Botswana,55.60,Food Products,25594,81902,Yes
EXP-1007372,TPIN1000000771,Export,2024-10-03,55664,Tanzania,96.82,Electronics,2783,0,Yes
EXP-9075013,TPIN1000000772,Export,2023-10-18,443583,UK,65.9,Textiles,22179,0,Yes
EXP-3892166,TPIN1000000772,Export,2023-10-08,186109,Botswana,51.93,Textiles,9305,0,Yes
EXP-1339010,TPIN1000000772,Export,2023-10-30,94603,South Africa,30.14,Electronics,4730,0,Yes
EXP-9877852,TPIN1000000774,Export,2024-01-01,153149,DRC,22.43,Electronics,7657,0,Yes
IMP-8691482,TPIN1000000777,Import,2024-02-02,310406,Malawi,37.61,Machinery,15520,49665,Yes
IMP-4502624,TPIN1000000777,Import,2024-01-08,151711,Botswana,94.64,Machinery,7586,24274,Yes
EXP-7760290,TPIN1000000777,Export,2023-12-06,383666,China,90.86,Electronics,19183,0,Yes
IMP-8227249,TPIN1000000780,Import,2024-05-07,313385,DRC,78.94,Machinery,15669,50142,Yes
IMP-3453713,TPIN1000000780,Import,2024-05-26,334748,Malawi,92.5,Textiles,16737,53560,Yes
IMP-5212570,TPIN1000000780,Import,2024-05-19,316198,China,68.74,Copper,15810,50592,Yes
EXP-7061070,TPIN1000000781,Export,2024-07-01,327762,Botswana,19.37,Electronics,16388,0,Yes
EXP-4527408,TPIN1000000781,Export,2024-07-24,407509,Zimbabwe,63.82,Electronics,20375,0,Yes
IMP-3247587,TPIN1000000782,Import,2024-04-29,184326,Botswana,91.80,Copper,9216,29492,Yes
IMP-8300548,TPIN1000000783,Import,2023-11-21,99769,DRC,0.71,Textiles,4988,15963,Yes
IMP-4648867,TPIN1000000783,Import,2023-10-29,365237,Tanzania,82.92,Copper,18262,58438,Yes
EXP-5453262,TPIN1000000787,Export,2024-03-11,265440,UK,36.21,Machinery,13272,0,Yes
IMP-421967,TPIN1000000787,Import,2024-01-15,466980,Botswana,8.78,Machinery,23349,74717,Yes
EXP-4166683,TPIN1000000787,Export,2023-12-26,470287,China,16.38,Machinery,23514,0,Yes
EXP-2370847,TPIN1000000788,Export,2024-04-06,277702,UAE,5.14,Food Products,13885,0,Yes
EXP-5957716,TPIN1000000788,Export,2024-06-01,436916,UAE,8.68,Electronics,21846,0,Yes
EXP-8366110,TPIN1000000788,Export,2024-05-21,340330,DRC,16.43,Machinery,17016,0,Yes
EXP-9804278,TPIN1000000789,Export,2024-06-30,404438,UAE,76.94,Electronics,20222,0,Yes
IMP-1861963,TPIN1000000790,Import,2024-01-05,303292,Malawi,70.78,Textiles,15165,48527,Yes
EXP-3748034,TPIN1000000790,Export,2023-12-24,251909,South Africa,48.28,Textiles,12595,0,Yes
EXP-6215278,TPIN1000000790,Export,2024-01-07,489591,Botswana,40.85,Machinery,24480,0,Yes
IMP-4763229,TPIN1000000795,Import,2024-02-20,214537,UK,96.35,Machinery,10727,34326,Yes
IMP-6526822,TPIN1000000798,Import,2024-04-21,156476,Botswana,89.61,Textiles,7824,25036,Yes
IMP-4924877,TPIN1000000798,Import,2024-04-13,336331,Malawi,63.1,Electronics,16817,53813,Yes
IMP-3818994,TPIN1000000799,Import,2024-07-28,371911,Tanzania,18.85,Copper,18596,59506,Yes
EXP-3391749,TPIN1000000799,Export,2024-08-22,112105,Malawi,29.86,Textiles,5605,0,Yes
IMP-8012171,TPIN1000000801,Import,2024-11-01,96391,Zimbabwe,70.34,Electronics,4820,15422,Yes
EXP-6844542,TPIN1000000803,Export,2024-09-09,139749,China,52.6,Machinery,6987,0,Yes
EXP-6060494,TPIN1000000806,Export,2024-08-06,53196,China,23.51,Electronics,2660,0,Yes
EXP-5956260,TPIN1000000806,Export,2024-08-17,237103,Malawi,60.16,Textiles,11855,0,Yes
IMP-8218443,TPIN1000000807,Import,2024-04-18,220572,Botswana,0.55,Copper,11029,35292,Yes
IMP-7836042,TPIN1000000807,Import,2024-04-29,272108,South Africa,36.60,Textiles,13605,43537,Yes
IMP-2760752,TPIN1000000807,Import,2024-03-14,447701,Tanzania,94.92,Copper,22385,71632,Yes
EXP-7953921,TPIN1000000808,Export,2024-03-01,213486,DRC,79.63,Textiles,10674,0,Yes
EXP-2106493,TPIN1000000808,Export,2024-04-05,335529,UK,90.14,Textiles,16776,0,Yes
EXP-373200,TPIN1000000808,Export,2024-03-31,137381,South Africa,45.39,Machinery,6869,0,Yes
IMP-7582533,TPIN1000000811,Import,2024-10-08,101375,China,35.40,Machinery,5069,16220,Yes
EXP-6252164,TPIN1000000811,Export,2024-10-12,489331,Botswana,43.67,Textiles,24467,0,Yes
IMP-6334410,TPIN1000000817,Import,2023-11-24,186128,UAE,23.79,Electronics,9306,29781,Yes
EXP-134564,TPIN1000000817,Export,2023-11-02,289573,Malawi,69.97,Textiles,14479,0,Yes
EXP-6627875,TPIN1000000817,Export,2023-10-08,390268,South Africa,93.64,Copper,19513,0,Yes
EXP-5863538,TPIN1000000818,Export,2023-12-13,181709,China,67.32,Copper,9085,0,Yes
IMP-6956590,TPIN1000000818,Import,2023-12-28,196059,Zimbabwe,39.45,Food Products,9803,31369,Yes
IMP-6287726,TPIN1000000818,Import,2024-01-24,143492,UK,9.49,Copper,7175,22959,Yes
EXP-1355440,TPIN1000000819,Export,2024-01-30,517196,DRC,74.44,Textiles,25860,0,Yes
IMP-1264055,TPIN1000000819,Import,2024-03-04,171555,China,79.65,Machinery,8578,27449,Yes
IMP-1397297,TPIN1000000820,Import,2024-08-10,528443,South Africa,75.96,Textiles,26422,84551,Yes
IMP-5712951,TPIN1000000822,Import,2024-05-22,380376,Malawi,49.15,Food Products,19019,60860,Yes
IMP-5787313,TPIN1000000822,Import,2024-06-18,454937,China,10.24,Food Products,22747,72790,Yes
IMP-6266109,TPIN1000000822,Import,2024-04-30,170817,UK,80.81,Copper,8541,27331,Yes
EXP-7331467,TPIN1000000824,Export,2024-02-24,427163,DRC,49.31,Electronics,21358,0,Yes
IMP-7311512,TPIN1000000824,Import,2024-01-14,415071,Zimbabwe,85.67,Electronics,20754,66411,Yes
EXP-5524687,TPIN1000000824,Export,2024-03-14,322379,South Africa,38.57,Textiles,16119,0,Yes
IMP-5276882,TPIN1000000826,Import,2023-10-31,143236,Tanzania,78.42,Food Products,7162,22918,Yes
IMP-819261,TPIN1000000826,Import,2023-12-20,420131,UK,49.16,Machinery,21007,67221,Yes
IMP-8551310,TPIN1000000828,Import,2024-08-29,310570,UAE,84.13,Electronics,15529,49691,Yes
EXP-7853137,TPIN1000000829,Export,2023-12-19,287573,Botswana,30.96,Electronics,14379,0,Yes
EXP-5423620,TPIN1000000831,Export,2024-08-22,204845,Zimbabwe,94.95,Food Products,10242,0,Yes
IMP-9609703,TPIN1000000832,Import,2024-07-30,227297,UAE,20.10,Textiles,11365,36368,Yes
IMP-3924192,TPIN1000000832,Import,2024-08-13,201413,Malawi,76.80,Machinery,10071,32226,Yes
EXP-6672900,TPIN1000000833,Export,2024-10-14,372583,China,50.77,Machinery,18629,0,Yes
IMP-8166408,TPIN1000000836,Import,2024-07-03,264704,Tanzania,80.30,Textiles,13235,42353,Yes
IMP-8146540,TPIN1000000836,Import,2024-05-14,306844,South Africa,86.35,Textiles,15342,49095,Yes
IMP-4557098,TPIN1000000838,Import,2024-03-22,393004,Tanzania,66.8,Food Products,19650,62881,Yes
EXP-7785352,TPIN1000000838,Export,2024-04-18,465275,Botswana,84.26,Food Products,23264,0,Yes
IMP-9313669,TPIN1000000839,Import,2024-06-27,69806,UAE,83.2,Food Products,3490,11169,Yes
EXP-7677737,TPIN1000000839,Export,2024-06-14,168184,Botswana,77.41,Copper,8409,0,Yes
IMP-5819861,TPIN1000000839,Import,2024-05-01,140071,Tanzania,0.56,Food Products,7004,22411,Yes
IMP-5881497,TPIN1000000840,Import,2024-11-17,123421,Tanzania,24.84,Copper,6171,19747,Yes
IMP-4648202,TPIN1000000840,Import,2024-11-04,478943,UK,74.95,Machinery,23947,76631,Yes
IMP-1318773,TPIN1000000840,Import,2024-09-08,212067,China,55.84,Electronics,10603,33931,Yes
IMP-1049055,TPIN1000000841,Import,2024-09-16,87880,Tanzania,25.77,Copper,4394,14061,Yes
IMP-8297952,TPIN1000000841,Import,2024-09-24,263977,Botswana,51.6,Copper,13199,42236,Yes
EXP-9885964,TPIN1000000841,Export,2024-08-02,256182,China,30.45,Electronics,12809,0,Yes
IMP-7220798,TPIN1000000848,Import,2023-10-20,204277,Tanzania,15.84,Copper,10214,32684,Yes
EXP-8630952,TPIN1000000848,Export,2023-12-15,336316,Malawi,56.8,Textiles,16816,0,Yes
IMP-2118147,TPIN1000000848,Import,2023-12-13,190244,DRC,16.71,Machinery,9512,30439,Yes
IMP-377535,TPIN1000000849,Import,2024-08-29,272307,Botswana,2.22,Textiles,13615,43569,Yes
EXP-587678,TPIN1000000850,Export,2024-02-22,190553,UAE,91.31,Machinery,9528,0,Yes
EXP-9526933,TPIN1000000851,Export,2024-09-01,412206,China,18.61,Electronics,20610,0,Yes
EXP-6104192,TPIN1000000851,Export,2024-08-22,504913,China,8.61,Copper,25246,0,Yes
IMP-9547254,TPIN1000000852,Import,2024-10-18,402679,Zimbabwe,58.27,Textiles,20134,64429,Yes
IMP-9905437,TPIN1000000852,Import,2024-11-11,488351,Botswana,55.26,Textiles,24418,78136,Yes
IMP-4324545,TPIN1000000852,Import,2024-09-05,491357,DRC,17.39,Textiles,24568,78617,Yes
IMP-9087012,TPIN1000000853,Import,2024-09-24,140409,Malawi,42.35,Machinery,7020,22465,Yes
EXP-3807069,TPIN1000000858,Export,2024-06-10,281316,Malawi,90.62,Electronics,14066,0,Yes
EXP-4222745,TPIN1000000858,Export,2024-07-11,97457,China,81.38,Food Products,4873,0,Yes
EXP-8807405,TPIN1000000858,Export,2024-06-17,399648,Zimbabwe,74.54,Electronics,19982,0,Yes
IMP-2512148,TPIN1000000863,Import,2024-07-23,506015,Malawi,23.78,Electronics,25301,80962,Yes
EXP-3939246,TPIN1000000864,Export,2024-05-03,436706,UAE,74.90,Food Products,21835,0,Yes
EXP-502985,TPIN1000000864,Export,2024-03-07,130844,China,91.90,Electronics,6542,0,Yes
IMP-2464532,TPIN1000000865,Import,2024-05-27,211812,Tanzania,18.88,Copper,10591,33890,Yes
IMP-6643755,TPIN1000000865,Import,2024-08-08,331330,Zimbabwe,71.96,Textiles,16567,53013,Yes
EXP-1827516,TPIN1000000867,Export,2024-02-18,518555,China,9.3,Textiles,25928,0,Yes
EXP-9880049,TPIN1000000868,Export,2024-08-25,342687,UK,93.94,Food Products,17134,0,Yes
EXP-3108936,TPIN1000000869,Export,2024-08-04,91878,Malawi,2.31,Food Products,4594,0,Yes
EXP-8106556,TPIN1000000869,Export,2024-08-24,303367,China,97.80,Copper,15168,0,Yes
EXP-2552207,TPIN1000000869,Export,2024-08-13,474172,Malawi,18.91,Food Products,23709,0,Yes
IMP-1655850,TPIN1000000871,Import,2024-07-08,129520,Malawi,78.59,Food Products,6476,20723,Yes
EXP-9622547,TPIN1000000871,Export,2024-07-31,364982,Tanzania,60.53,Copper,18249,0,Yes
IMP-4591245,TPIN1000000871,Import,2024-06-17,89925,Malawi,24.63,Machinery,4496,14388,Yes
EXP-278795,TPIN1000000872,Export,2024-08-19,369243,UK,95.73,Copper,18462,0,Yes
EXP-7028578,TPIN1000000872,Export,2024-07-29,479115,UAE,53.67,Electronics,23956,0,Yes
IMP-8920534,TPIN1000000875,Import,2024-06-14,68113,Malawi,18.62,Textiles,3406,10898,Yes
IMP-2206816,TPIN1000000875,Import,2024-04-03,549634,China,22.44,Textiles,27482,87941,Yes
EXP-4657913,TPIN1000000875,Export,2024-05-10,98959,Tanzania,70.93,Food Products,4948,0,Yes
IMP-5049762,TPIN1000000880,Import,2024-05-17,476630,Tanzania,29.84,Copper,23831,76261,Yes
IMP-6113039,TPIN1000000880,Import,2024-05-14,490171,Malawi,54.82,Machinery,24509,78427,Yes
EXP-6930293,TPIN1000000880,Export,2024-06-11,306894,DRC,48.54,Copper,15345,0,Yes
IMP-5880003,TPIN1000000884,Import,2024-01-16,262406,DRC,44.96,Machinery,13120,41985,Yes
EXP-1246324,TPIN1000000885,Export,2024-01-22,486847,Malawi,66.90,Food Products,24342,0,Yes
EXP-7380018,TPIN1000000885,Export,2024-01-26,86210,Tanzania,56.25,Food Products,4311,0,Yes
EXP-741922,TPIN1000000886,Export,2024-08-03,178706,Tanzania,20.92,Textiles,8935,0,Yes
EXP-2355410,TPIN1000000886,Export,2024-06-04,455574,UK,21.95,Textiles,22779,0,Yes
EXP-5318253,TPIN1000000886,Export,2024-06-12,430329,Malawi,82.67,Electronics,21516,0,Yes
EXP-1671286,TPIN1000000887,Export,2024-09-07,135159,China,82.21,Food Products,6758,0,Yes
IMP-1782596,TPIN1000000888,Import,2024-09-04,449368,Malawi,55.87,Machinery,22468,71899,Yes
IMP-4192104,TPIN1000000888,Import,2024-08-24,265191,UAE,56.75,Food Products,13260,42431,Yes
IMP-4715720,TPIN1000000888,Import,2024-09-06,371070,UAE,26.50,Food Products,18553,59371,Yes
IMP-9609127,TPIN1000000890,Import,2024-05-04,402009,UK,96.43,Copper,20100,64321,Yes
IMP-2330791,TPIN1000000890,Import,2024-04-02,416374,Malawi,61.54,Food Products,20819,66620,Yes
EXP-3666354,TPIN1000000891,Export,2024-11-08,529128,DRC,47.21,Textiles,26456,0,Yes
EXP-4777102,TPIN1000000891,Export,2024-10-25,546193,UAE,37.51,Textiles,27310,0,Yes
EXP-4000862,TPIN1000000891,Export,2024-11-11,110303,South Africa,95.0,Electronics,5515,0,Yes
IMP-4476792,TPIN1000000892,Import,2024-09-18,409753,Botswana,84.59,Electronics,20488,65560,Yes
IMP-7146317,TPIN1000000892,Import,2024-11-25,473923,UK,62.73,Textiles,23696,75828,Yes
EXP-7670405,TPIN1000000895,Export,2023-12-22,469472,UK,90.25,Electronics,23474,0,Yes
EXP-4202018,TPIN1000000903,Export,2024-02-08,476012,Zimbabwe,91.48,Machinery,23801,0,Yes
IMP-4110786,TPIN1000000903,Import,2023-11-28,467884,Tanzania,32.43,Machinery,23394,74862,Yes
EXP-7403105,TPIN1000000903,Export,2024-01-31,371475,South Africa,35.49,Food Products,18574,0,Yes
IMP-7489006,TPIN1000000904,Import,2024-03-11,76459,UK,88.42,Food Products,3823,12233,Yes
EXP-7707692,TPIN1000000907,Export,2024-04-08,233757,China,68.56,Electronics,11688,0,Yes
EXP-9263931,TPIN1000000907,Export,2024-04-11,115646,Tanzania,86.8,Textiles,5782,0,Yes
EXP-1906023,TPIN1000000911,Export,2024-08-21,205670,DRC,8.85,Textiles,10283,0,Yes
IMP-4858106,TPIN1000000911,Import,2024-07-25,345665,UAE,37.88,Food Products,17283,55306,Yes
EXP-9680504,TPIN1000000911,Export,2024-08-14,377905,UAE,13.16,Electronics,18895,0,Yes
EXP-417809,TPIN1000000915,Export,2024-06-25,515362,Botswana,8.13,Electronics,25768,0,Yes
IMP-2388059,TPIN1000000916,Import,2024-02-11,304464,Malawi,39.58,Machinery,15223,48714,Yes
EXP-5287383,TPIN1000000916,Export,2024-04-08,75748,South Africa,59.61,Food Products,3787,0,Yes
IMP-1622010,TPIN1000000916,Import,2024-02-07,547650,Zimbabwe,92.21,Copper,27383,87624,Yes
IMP-854036,TPIN1000000918,Import,2024-08-01,393175,South Africa,20.20,Textiles,19659,62908,Yes
IMP-3692782,TPIN1000000920,Import,2024-07-30,258554,South Africa,49.81,Textiles,12928,41369,Yes
IMP-1353475,TPIN1000000920,Import,2024-07-08,197217,South Africa,30.13,Copper,9861,31555,Yes
EXP-4231601,TPIN1000000923,Export,2023-12-20,475951,UK,31.91,Copper,23798,0,Yes
EXP-975800,TPIN1000000923,Export,2024-01-29,260290,DRC,11.19,Textiles,13014,0,Yes
IMP-6434480,TPIN1000000925,Import,2024-01-13,262259,Malawi,71.43,Textiles,13113,41961,Yes
EXP-2580628,TPIN1000000932,Export,2024-02-28,459923,Botswana,13.23,Machinery,22996,0,Yes
IMP-9337025,TPIN1000000934,Import,2024-05-19,378492,UK,76.34,Electronics,18925,60559,Yes
IMP-2948645,TPIN1000000934,Import,2024-05-08,204316,UK,50.98,Electronics,10216,32691,Yes
EXP-357666,TPIN1000000936,Export,2023-11-09,102803,China,5.33,Machinery,5140,0,Yes
IMP-7084029,TPIN1000000936,Import,2024-01-21,163927,Zimbabwe,84.86,Electronics,8196,26228,Yes
IMP-6550428,TPIN1000000938,Import,2024-03-27,271231,UAE,47.26,Machinery,13562,43397,Yes
IMP-4471502,TPIN1000000938,Import,2024-03-12,178124,South Africa,4.59,Textiles,8906,28500,Yes
EXP-8631763,TPIN1000000941,Export,2024-07-12,137730,Malawi,90.30,Copper,6886,0,Yes
EXP-8701565,TPIN1000000942,Export,2023-12-29,50639,DRC,11.57,Copper,2532,0,Yes
IMP-6107048,TPIN1000000942,Import,2023-11-27,250639,UK,27.94,Machinery,12532,40102,Yes
IMP-4866302,TPIN1000000942,Import,2023-12-25,209688,South Africa,98.45,Electronics,10484,33550,Yes
IMP-9713259,TPIN1000000943,Import,2024-12-05,300914,Tanzania,41.94,Copper,15046,48146,Yes
EXP-1233522,TPIN1000000943,Export,2024-10-01,237044,South Africa,23.6,Textiles,11852,0,Yes
EXP-698245,TPIN1000000943,Export,2024-09-21,216554,Malawi,89.21,Copper,10828,0,Yes
EXP-4758574,TPIN1000000945,Export,2024-02-04,61290,South Africa,49.15,Textiles,3065,0,Yes
IMP-4247640,TPIN1000000947,Import,2024-04-26,228260,China,10.54,Food Products,11413,36522,Yes
EXP-2489880,TPIN1000000947,Export,2024-06-27,520782,Zimbabwe,58.8,Electronics,26039,0,Yes
EXP-933343,TPIN1000000948,Export,2023-10-29,70409,DRC,5.51,Food Products,3520,0,Yes
IMP-4388486,TPIN1000000949,Import,2023-12-24,354408,South Africa,46.75,Textiles,17720,56705,Yes
EXP-920413,TPIN1000000949,Export,2023-11-14,515509,UAE,74.41,Electronics,25775,0,Yes
EXP-6751153,TPIN1000000949,Export,2024-01-21,149733,Malawi,69.4,Electronics,7487,0,Yes
IMP-6521939,TPIN1000000951,Import,2024-01-02,348960,Zimbabwe,3.68,Food Products,17448,55834,Yes
IMP-4576375,TPIN1000000951,Import,2024-02-10,448964,UAE,26.35,Copper,22448,71834,Yes
IMP-4375449,TPIN1000000955,Import,2024-04-04,304905,Malawi,97.31,Machinery,15245,48785,Yes
EXP-9477332,TPIN1000000956,Export,2023-12-19,305756,Botswana,6.61,Textiles,15288,0,Yes
EXP-9479624,TPIN1000000956,Export,2024-01-14,368213,Tanzania,26.13,Textiles,18411,0,Yes
EXP-3076968,TPIN1000000956,Export,2024-01-05,218442,UK,41.80,Copper,10922,0,Yes
EXP-8816581,TPIN1000000957,Export,2024-02-14,60713,China,89.7,Textiles,3036,0,Yes
IMP-9081277,TPIN1000000957,Import,2024-03-12,391444,DRC,31.22,Textiles,19572,62631,Yes
EXP-5984052,TPIN1000000957,Export,2024-03-23,83112,Malawi,98.7,Food Products,4156,0,Yes
EXP-3804886,TPIN1000000960,Export,2024-04-30,150053,UAE,86.97,Copper,7503,0,Yes
EXP-540377,TPIN1000000960,Export,2024-03-22,201403,South Africa,16.34,Textiles,10070,0,Yes
IMP-6370774,TPIN1000000963,Import,2024-06-18,521298,Malawi,49.79,Machinery,26065,83408,Yes
IMP-8686434,TPIN1000000963,Import,2024-05-22,204180,Zimbabwe,20.51,Copper,10209,32669,Yes
EXP-3616486,TPIN1000000965,Export,2024-05-03,239071,DRC,19.95,Machinery,11954,0,Yes
IMP-7658315,TPIN1000000965,Import,2024-05-13,531796,Tanzania,22.47,Copper,26590,85087,Yes
EXP-6798807,TPIN1000000965,Export,2024-05-26,496294,UAE,0.77,Copper,24815,0,Yes
IMP-9231429,TPIN1000000969,Import,2024-10-08,134790,UK,14.96,Machinery,6740,21566,Yes
EXP-1735566,TPIN1000000972,Export,2024-08-20,338252,South Africa,80.85,Food Products,16913,0,Yes
EXP-3801844,TPIN1000000973,Export,2024-04-17,524121,UK,59.94,Electronics,26206,0,Yes
IMP-8027609,TPIN1000000973,Import,2024-04-17,95781,Zimbabwe,78.79,Food Products,4789,15325,Yes
EXP-6789124,TPIN1000000980,Export,2024-08-26,293872,Zimbabwe,39.22,Food Products,14694,0,Yes
IMP-4176923,TPIN1000000981,Import,2024-10-24,178991,Malawi,79.75,Textiles,8950,28639,Yes
IMP-6571582,TPIN1000000981,Import,2024-11-22,544640,Botswana,93.28,Food Products,27232,87142,Yes
IMP-9781162,TPIN1000000981,Import,2024-11-18,69469,Zimbabwe,14.29,Copper,3473,11115,Yes
EXP-3733668,TPIN1000000983,Export,2024-03-09,475031,Tanzania,1.44,Machinery,23752,0,Yes
EXP-9387039,TPIN1000000983,Export,2024-04-14,171651,Tanzania,59.8,Food Products,8583,0,Yes
EXP-9034461,TPIN1000000984,Export,2024-03-13,396984,Zimbabwe,86.96,Textiles,19849,0,Yes
EXP-1159406,TPIN1000000984,Export,2024-04-22,375058,Zimbabwe,7.39,Electronics,18753,0,Yes
EXP-9388013,TPIN1000000985,Export,2024-08-16,516285,UK,94.90,Machinery,25814,0,Yes
EXP-7113085,TPIN1000000985,Export,2024-09-29,407346,Zimbabwe,24.44,Copper,20367,0,Yes
EXP-3012325,TPIN1000000988,Export,2024-03-04,378995,UK,95.36,Machinery,18950,0,Yes
EXP-4424561,TPIN1000000988,Export,2024-02-26,458856,South Africa,64.82,Machinery,22943,0,Yes
IMP-9361832,TPIN1000000988,Import,2024-03-08,220785,South Africa,95.43,Textiles,11039,35326,Yes
EXP-5296515,TPIN1000000989,Export,2024-11-11,144028,Botswana,14.10,Copper,7201,0,Yes
IMP-9485282,TPIN1000000990,Import,2024-05-05,184774,Botswana,89.88,Machinery,9239,29564,Yes
EXP-7500596,TPIN1000000990,Export,2024-05-17,430207,Malawi,51.47,Food Products,21510,0,Yes
IMP-2849782,TPIN1000000990,Import,2024-04-16,298607,UAE,80.12,Food Products,14930,47777,Yes
IMP-8284974,TPIN1000000992,Import,2024-02-12,81228,China,72.47,Textiles,4061,12997,Yes
EXP-8585066,TPIN1000000992,Export,2024-01-26,476292,Malawi,93.57,Textiles,23815,0,Yes
IMP-6467185,TPIN1000000992,Import,2024-01-19,250519,UK,70.72,Copper,12526,40083,Yes
EXP-6972335,TPIN1000000993,Export,2024-08-22,226413,Malawi,37.78,Machinery,11321,0,Yes
IMP-1851386,TPIN1000000993,Import,2024-09-12,321285,Zimbabwe,36.21,Machinery,16064,51406,Yes
IMP-3075040,TPIN1000000993,Import,2024-09-11,119884,Malawi,87.69,Copper,5994,19182,Yes
IMP-6650420,TPIN1000000994,Import,2024-03-27,280543,Botswana,34.89,Food Products,14027,44887,Yes
IMP-5976460,TPIN1000000994,Import,2024-06-03,119503,DRC,31.71,Textiles,5975,19120,Yes
IMP-9396943,TPIN1000000996,Import,2024-07-07,141534,Malawi,87.41,Textiles,7077,22645,Yes
IMP-8615172,TPIN1000000996,Import,2024-06-18,56375,Botswana,13.18,Copper,2819,9020,Yes
IMP-1420925,TPIN1000000998,Import,2024-04-29,110765,Malawi,17.91,Food Products,5538,17722,Yes
IMP-7352573,TPIN1000000998,Import,2024-04-06,148576,China,75.58,Electronics,7429,23772,Yes
IMP-195273,TPIN1000000998,Import,2024-04-10,349607,Malawi,76.9,Electronics,17480,55937,Yes